Date,USD,GBP,EUR,JPY100,CHF,AUD,CAD,SGD,HKD100,PHP100,THB100,TWD100,KRW100,IDR100,SAR100,SDR,CNY,BND,VND100,KHR100,NZD,MMK100,INR100,AED100,PKR100,NPR100,EGP
2025-01-02,4.4775,5.6134,4.6438,2.8489,4.9489,2.7832,3.1145,3.2916,57.5988,7.7405,13.1044,13.6341,0.3051,0.0276,119.1649,5.8392,0.6134,3.2916,0.0176,0.1108,2.5148,0.2139,5.223,121.9031,1.6084,3.2637,0.0881
2025-01-03,4.495,5.5709,4.6166,2.8573,4.9285,2.7921,3.1248,3.284,57.7827,7.7234,13.0716,13.644,0.3065,0.0277,119.6625,5.843,0.6158,3.284,0.0177,0.1111,2.519,0.2147,5.2403,122.3929,1.6139,3.2754,0.0885
2025-01-06,4.513,5.6121,4.6558,2.8615,4.9626,2.8084,3.1332,3.2948,58.0439,7.7417,13.0556,13.7169,0.3069,0.0279,120.1848,5.8602,0.6158,3.2948,0.0178,0.1116,2.5372,0.2155,5.2606,122.8696,1.6205,3.2877,0.089
2025-01-07,4.51,5.6526,4.6872,2.8522,4.9845,2.8237,3.1487,3.3052,58.018,7.7608,13.0253,13.7798,0.31,0.0279,120.1001,5.8563,0.6154,3.3052,0.0178,0.1114,2.5533,0.2154,5.2598,122.7996,1.6191,3.2874,0.089
2025-01-08,4.4995,5.6147,4.6561,2.8443,4.948,2.8043,3.1355,3.2946,57.8647,7.7092,12.9968,13.6846,0.3091,0.0278,119.8333,5.867,0.6137,3.2946,0.0177,0.1111,2.5348,0.2149,5.2419,122.502,1.6152,3.2762,0.0888
2025-01-09,4.4995,5.5542,4.6394,2.8483,4.9404,2.7892,3.1294,3.2895,57.8375,7.7046,12.9893,13.669,0.3088,0.0277,119.8493,5.8379,0.6137,3.2895,0.0177,0.111,2.5186,0.2149,5.2364,122.5004,1.6145,3.2727,0.0889
2025-01-10,4.4935,5.5275,4.6276,2.8398,4.9265,2.7842,3.1179,3.2838,57.7459,7.6983,12.987,13.6328,0.3077,0.0278,119.6894,5.8301,0.6129,3.2838,0.0177,0.1108,2.5134,0.2146,5.2329,122.3387,1.6122,3.2706,0.0889
2025-01-13,4.509,5.476,4.6062,2.8643,4.9147,2.7697,3.1219,3.2826,57.9157,7.6854,12.9774,13.6125,0.3063,0.0277,120.1103,5.8497,0.615,3.2827,0.0178,0.1112,2.5072,0.2154,5.224,122.7607,1.619,3.265,0.0892
2025-01-14,4.5015,5.4961,4.6136,2.8571,4.914,2.7851,3.1309,3.2858,57.8302,7.687,12.9801,13.6069,0.308,0.0277,119.9025,5.8163,0.6141,3.2858,0.0177,0.1112,2.524,0.215,5.2034,122.5682,1.6153,3.2523,0.0891
2025-01-15,4.506,5.4989,4.6421,2.8539,4.9392,2.791,3.1394,3.293,57.8501,7.6789,12.9595,13.6355,0.3087,0.0276,120.0448,5.8352,0.6146,3.293,0.0178,0.1113,2.5263,0.2152,5.2056,122.6757,1.6159,3.2535,0.0893
2025-01-16,4.4975,5.4989,4.6275,2.8872,4.9296,2.7932,3.1336,3.289,57.7495,7.6903,13.0108,13.6453,0.3086,0.0275,119.8375,5.8365,0.6134,3.289,0.0177,0.1114,2.5226,0.2148,5.2027,122.4476,1.6129,3.2518,0.0892
2025-01-17,4.5015,5.5069,4.6368,2.8958,4.9418,2.797,3.1271,3.2954,57.7986,7.6863,13.063,13.6786,0.3092,0.0275,119.9728,5.8407,0.6143,3.2954,0.0178,0.1111,2.5231,0.215,5.1992,122.5565,1.6146,3.2495,0.0893
2025-01-20,4.5005,5.4931,4.6382,2.8898,4.9307,2.7982,3.1154,3.2982,57.8288,7.6932,13.0943,13.7323,0.3105,0.0275,119.9494,5.841,0.6152,3.2982,0.0178,0.1111,2.5264,0.215,5.2038,122.5293,1.6148,3.2524,0.0894
2025-01-21,4.4745,5.5021,4.6479,2.8832,4.9325,2.7961,3.104,3.2948,57.4959,7.6581,13.1564,13.6914,0.3112,0.0274,119.2532,5.8073,0.6151,3.2948,0.0177,0.1107,2.5308,0.2137,5.1782,121.8214,1.6056,3.2365,0.0889
2025-01-22,4.447,5.4843,4.6302,2.852,4.9038,2.7856,3.1014,3.2802,57.0992,7.59,13.1006,13.5637,0.3096,0.0272,118.5361,5.7863,0.6109,3.2802,0.0176,0.11,2.5154,0.2124,5.1371,121.0727,1.5948,3.2097,0.0884
2025-01-23,4.444,5.473,4.6258,2.8395,4.9035,2.7879,3.0878,3.2793,57.0559,7.5869,13.0831,13.5761,0.3094,0.0273,118.4719,5.8053,0.6105,3.2793,0.0177,0.11,2.5173,0.2123,5.1397,120.9877,1.5946,3.2119,0.0883
2025-01-24,4.415,5.4717,4.6121,2.8395,4.8771,2.7898,3.0799,3.2707,56.6938,7.5586,13.0467,13.5152,0.3086,0.0272,117.702,5.7538,0.6085,3.2707,0.0176,0.1093,2.519,0.2109,5.1174,120.2015,1.5836,3.1983,0.0878
2025-01-27,4.3725,5.4462,4.5774,2.8066,4.8227,2.7531,3.0412,3.2437,56.1217,7.4884,12.9719,13.3275,0.3045,0.027,116.5674,5.72,0.602,3.2437,0.0174,0.1084,2.488,0.2088,5.0623,119.046,1.5697,3.1639,0.087
2025-01-28,4.403,5.478,4.5919,2.8272,4.863,2.7528,3.0577,3.2552,56.5346,7.5226,12.9825,13.337,0.3041,0.0272,117.3883,5.773,0.6072,3.2552,0.0176,0.109,2.4917,0.2103,5.088,119.8748,1.579,3.1799,0.0876
2025-01-31,4.42,5.4883,4.5904,2.8635,4.8558,2.7492,3.0517,3.2615,56.7223,7.575,13.1411,13.4143,0.3036,0.0271,117.8321,5.7696,0.6095,3.2615,0.0176,0.1095,2.4931,0.2111,5.1011,120.3409,1.5849,3.1882,0.088
2025-02-03,4.495,5.5122,4.5946,2.8878,4.9019,2.7413,3.0421,3.2834,57.6703,7.6576,13.1644,13.5243,0.3056,0.0273,119.8443,5.8607,0.6199,3.2834,0.0177,0.1114,2.4837,0.2147,5.1527,122.3795,1.6123,3.2208,0.0895
2025-02-04,4.457,5.5329,4.5974,2.8715,4.8887,2.7645,3.0803,3.2789,57.2155,7.6417,13.1679,13.52,0.305,0.0272,118.8312,5.7837,0.6146,3.2789,0.0177,0.1105,2.4981,0.2129,5.1215,121.345,1.5966,3.2006,0.0885
2025-02-05,4.43,5.5262,4.5983,2.8912,4.8953,2.769,3.0911,3.2757,56.8762,7.6268,13.1376,13.4745,0.3057,0.0272,118.1144,5.7656,0.6082,3.2757,0.0176,0.1099,2.5067,0.2116,5.0832,120.623,1.5887,3.177,0.0881
2025-02-06,4.4275,5.5319,4.6011,2.9083,4.9061,2.7736,3.0888,3.279,56.8536,7.6179,13.1477,13.4749,0.3055,0.0271,118.0446,5.7903,0.6078,3.279,0.0175,0.1099,2.5111,0.2115,5.0587,120.5418,1.5869,3.1611,0.088
2025-02-07,4.441,5.5193,4.6098,2.9297,4.9004,2.7923,3.1019,3.2866,57.0401,7.6559,13.1878,13.5376,0.3069,0.0272,118.4078,5.7934,0.6096,3.2866,0.0175,0.1102,2.5232,0.2121,5.0785,120.9093,1.5919,3.1737,0.0883
2025-02-10,4.468,5.5388,4.6072,2.9409,4.9023,2.8005,3.115,3.2972,57.3633,7.6882,13.1916,13.6037,0.3073,0.0273,119.1276,5.8354,0.6115,3.2972,0.0176,0.1109,2.5255,0.2134,5.0832,121.6478,1.6017,3.1767,0.0889
2025-02-12,4.465,5.5591,4.6266,2.9062,4.8886,2.8125,3.1252,3.2987,57.3082,7.6745,13.0919,13.5942,0.3074,0.0273,119.0635,5.8163,0.6109,3.2987,0.0174,0.111,2.5288,0.2133,5.1604,121.5611,1.6005,3.2252,0.0885
2025-02-13,4.4605,5.5651,4.6474,2.8918,4.8904,2.8054,3.1258,3.3036,57.2781,7.6621,13.1462,13.6036,0.3075,0.0273,118.9276,5.8191,0.6115,3.3036,0.0175,0.111,2.5204,0.213,5.1384,121.4386,1.5988,3.2111,0.0881
2025-02-14,4.4425,5.5791,4.6464,2.9066,4.914,2.809,3.1324,3.3054,57.0524,7.6677,13.1911,13.5595,0.3077,0.0273,118.4477,5.8011,0.6098,3.3054,0.0175,0.1106,2.528,0.2122,5.1153,120.9485,1.5912,3.1971,0.0877
2025-02-17,4.4295,5.5774,4.6488,2.9214,4.9198,2.8194,3.1256,3.3087,56.9334,7.6476,13.1478,13.5475,0.3075,0.0273,118.0996,5.8046,0.6112,3.3087,0.0174,0.1103,2.5412,0.2116,5.1059,120.6127,1.5862,3.1912,0.0875
2025-02-18,4.446,5.6035,4.6519,2.9234,4.9274,2.8234,3.1312,3.3101,57.155,7.6372,13.1811,13.5747,0.308,0.0273,118.5442,5.8263,0.6112,3.3101,0.0174,0.1105,2.5384,0.2123,5.1149,121.0455,1.5924,3.1959,0.0879
2025-02-19,4.442,5.6043,4.6426,2.9244,4.9173,2.8262,3.1324,3.31,57.1348,7.6435,13.183,13.5638,0.3087,0.0272,118.4407,5.8222,0.6099,3.31,0.0174,0.1102,2.5402,0.2122,5.1093,120.9366,1.59,3.1927,0.0877
2025-02-20,4.4275,5.5753,4.6185,2.9435,4.9031,2.8154,3.1129,3.3042,56.9161,7.6307,13.1546,13.5168,0.308,0.0271,118.0541,5.7949,0.6092,3.3042,0.0173,0.1099,2.5301,0.2115,5.0998,120.5434,1.5835,3.1871,0.0874
2025-02-21,4.4175,5.5972,4.6397,2.9388,4.9184,2.8281,3.1171,3.3112,56.8485,7.6279,13.1512,13.4997,0.3084,0.0271,117.7969,5.7921,0.6102,3.3112,0.0173,0.1098,2.5482,0.211,5.1026,120.2663,1.5819,3.1894,0.0873
2025-02-24,4.3985,5.578,4.627,2.9487,4.9112,2.808,3.1006,3.3027,56.6047,7.6016,13.1495,13.4408,0.3085,0.027,117.2902,5.7744,0.6081,3.3027,0.0173,0.1095,2.5344,0.2101,5.0767,119.7669,1.5743,3.1724,0.0869
2025-02-25,4.4135,5.5754,4.6225,2.9488,4.9195,2.8035,3.0973,3.2973,56.77,7.6213,13.1384,13.4661,0.3084,0.0271,117.6918,5.7954,0.6083,3.2973,0.0173,0.1097,2.53,0.2108,5.081,120.1623,1.5782,3.1747,0.0872
2025-02-26,4.4225,5.5942,4.6456,2.9603,4.9491,2.7981,3.0873,3.3059,56.9077,7.6388,13.0863,13.4878,0.3088,0.027,117.9365,5.8098,0.6093,3.3059,0.0173,0.1099,2.5259,0.2112,5.0738,120.409,1.5812,3.1692,0.0874
2025-02-27,4.446,5.6271,4.653,2.9794,4.9587,2.7981,3.0963,3.3148,57.177,7.6788,13.1402,13.5437,0.3084,0.0271,118.5505,5.8413,0.6117,3.3148,0.0174,0.1105,2.5273,0.2123,5.0886,121.0488,1.5886,3.1804,0.0879
2025-02-28,4.4655,5.6198,4.639,2.9848,4.9672,2.7742,3.091,3.3102,57.4153,7.7018,13.0876,13.5631,0.3057,0.0269,119.0673,5.8639,0.613,3.3102,0.0175,0.111,2.5018,0.2133,5.1117,121.5846,1.5955,3.1952,0.0881
2025-03-03,4.4635,5.6251,4.6496,2.9667,4.9498,2.7754,3.0902,3.3069,57.3999,7.705,13.0283,13.5679,0.3057,0.027,119.0171,5.8427,0.6124,3.3069,0.0174,0.1109,2.5005,0.2132,5.1128,121.5319,1.5955,3.1961,0.0882
2025-03-04,4.468,5.6688,4.6813,2.9953,4.983,2.7699,3.0806,3.3182,57.4648,7.7291,13.1596,13.5645,0.3061,0.0272,119.134,5.8572,0.6138,3.3182,0.0175,0.1111,2.5034,0.2134,5.1126,121.6577,1.5964,3.1953,0.0882
2025-03-05,4.4475,5.6868,4.7224,2.9655,4.9924,2.7797,3.0832,3.3189,57.2162,7.7306,13.1778,13.5483,0.305,0.0272,118.5874,5.8589,0.6123,3.3188,0.0174,0.1105,2.5122,0.2124,5.1041,121.0962,1.5901,3.1901,0.0878
2025-03-06,4.4275,5.7055,4.7771,2.9668,4.9613,2.8068,3.0901,3.3228,56.975,7.7384,13.1759,13.4835,0.307,0.0271,118.0446,5.855,0.6112,3.3228,0.0174,0.11,2.5372,0.2115,5.0904,120.5516,1.5829,3.18,0.0874
2025-03-07,4.4295,5.7085,4.7863,3.0009,5.0207,2.7919,3.0954,3.3226,56.9861,7.7357,13.1254,13.4777,0.3063,0.0271,118.087,5.8853,0.6114,3.3226,0.0174,0.1102,2.5323,0.2116,5.0806,120.6061,1.5837,3.1755,0.0874
2025-03-10,4.419,5.7058,4.7862,2.993,5.0287,2.7864,3.0758,3.3176,56.8627,7.7044,13.0817,13.4431,0.3037,0.0271,117.7882,5.8825,0.6089,3.3176,0.0173,0.1099,2.5244,0.2111,5.064,120.3202,1.5782,3.165,0.0872
2025-03-11,4.4325,5.7137,4.8113,3.0129,5.0412,2.7812,3.0718,3.3248,57.0577,7.731,13.082,13.4596,0.304,0.027,118.1559,5.9001,0.6115,3.3248,0.0174,0.1103,2.5232,0.2117,5.0772,120.6845,1.583,3.1732,0.0876
2025-03-12,4.433,5.7288,4.8311,2.9938,5.0164,2.7859,3.068,3.3267,57.0491,7.7279,13.1239,13.4645,0.3051,0.0269,118.2039,5.9105,0.6127,3.3267,0.0174,0.1103,2.5275,0.2117,5.0833,120.7014,1.5832,3.1772,0.0876
2025-03-13,4.428,5.738,4.8201,2.9911,5.023,2.7961,3.0778,3.3238,56.9749,7.7276,13.1084,13.443,0.3048,0.027,118.0611,5.8999,0.6119,3.3238,0.0174,0.1101,2.5377,0.2115,5.087,120.562,1.5811,3.1798,0.0874
2025-03-14,4.445,5.7538,4.8208,2.9966,5.028,2.7968,3.0808,3.3285,57.1892,7.7696,13.1958,13.4865,0.3056,0.0271,118.5144,5.9165,0.6139,3.3285,0.0174,0.1106,2.5379,0.2123,5.1128,121.0248,1.5882,3.1931,0.0878
2025-03-17,4.4455,5.7505,4.8385,2.989,5.0274,2.8136,3.0925,3.3327,57.2,7.7632,13.1943,13.4798,0.3074,0.0271,118.5309,5.9236,0.6142,3.3327,0.0174,0.1106,2.5604,0.2123,5.118,121.0418,1.587,3.199,0.0879
2025-03-19,4.4305,5.7572,4.8461,2.967,5.0522,2.8176,3.0962,3.3277,57.0136,7.7427,13.1684,13.4258,0.3051,0.0268,118.1278,5.9057,0.6124,3.3277,0.0173,0.1102,2.575,0.2116,5.1129,120.63,1.5809,3.1951,0.0877
2025-03-20,4.426,5.7571,4.8288,2.9832,5.0522,2.8083,3.0899,3.3249,56.963,7.7445,13.1667,13.4117,0.3031,0.0269,118.0015,5.8982,0.6117,3.3249,0.0173,0.1102,2.5655,0.2114,5.1308,120.5042,1.5797,3.2055,0.0874
2025-03-21,4.423,5.726,4.7921,2.9642,5.0065,2.783,3.0872,3.3114,56.9076,7.7171,13.0819,13.3892,0.3012,0.0268,117.9152,5.8862,0.6099,3.3114,0.0173,0.1101,2.5439,0.2113,5.1269,120.4176,1.5782,3.2044,0.0875
2025-03-24,4.4335,5.7252,4.7973,2.9595,5.0161,2.7829,3.09,3.3154,57.0331,7.7307,13.0608,13.4218,0.3021,0.0268,118.1873,5.8983,0.6107,3.3154,0.0173,0.1103,2.5368,0.2118,5.1604,120.7183,1.5817,3.2264,0.0876
2025-03-25,4.4395,5.7381,4.7962,2.9475,5.0275,2.792,3.1009,3.3159,57.1023,7.7399,13.0535,13.4335,0.3021,0.0267,118.3456,5.9001,0.6114,3.3159,0.0173,0.1105,2.5405,0.212,5.1754,120.8817,1.5844,3.2346,0.0877
2025-03-26,4.4245,5.7238,4.7725,2.9411,5.0076,2.7912,3.0995,3.3079,56.9115,7.6672,13.0332,13.3731,0.302,0.0267,117.9363,5.8762,0.6091,3.3078,0.0173,0.1102,2.5421,0.2113,5.1609,120.4585,1.5782,3.2246,0.0875
2025-03-27,4.432,5.7224,4.7768,2.9516,5.0218,2.7959,3.1065,3.3101,57.0021,7.7037,13.0583,13.3934,0.3024,0.0268,118.1489,5.879,0.6104,3.3101,0.0173,0.1103,2.542,0.2117,5.1631,120.6676,1.5813,3.2269,0.0877
2025-03-28,4.433,5.7392,4.7841,2.9395,5.0232,2.7857,3.0972,3.3057,57.0014,7.7236,13.0622,13.3726,0.3022,0.0268,118.185,5.8786,0.6102,3.3057,0.0173,0.1104,2.5335,0.2117,5.1768,120.6915,1.5817,3.2352,0.0877
2025-04-02,4.4475,5.7468,4.8015,2.97,5.0342,2.8015,3.1096,3.3112,57.1566,7.7693,13.0292,13.3925,0.3033,0.0269,118.5557,5.9029,0.6118,3.3112,0.0173,0.1108,2.5442,0.2124,5.1929,121.0896,1.5878,3.2456,0.0879
2025-04-03,4.465,5.8355,4.8731,3.0317,5.0985,2.8007,3.1341,3.3228,57.3705,7.8084,13.0023,13.4508,0.3043,0.027,119.0175,5.9264,0.612,3.3228,0.0173,0.1113,2.5613,0.2133,5.2122,121.5611,1.5938,3.2575,0.0883
2025-04-04,4.418,5.7896,4.9011,3.033,5.1782,2.763,3.1372,3.3174,56.8169,7.7713,12.9522,13.4408,0.3075,0.0267,117.7615,5.9188,0.6067,3.3174,0.0171,0.11,2.5331,0.211,5.1981,120.2831,1.5745,3.2488,0.0873
2025-04-07,4.4675,5.7573,4.8921,3.0538,5.2197,2.691,3.1376,3.3175,57.499,7.7955,12.9813,13.4787,0.3047,0.027,119.0524,5.9826,0.6109,3.3175,0.0173,0.1113,2.4935,0.2134,5.2153,121.6275,1.5921,3.2606,0.0874
2025-04-08,4.4835,5.7283,4.9153,3.0377,5.2322,2.7027,3.1637,3.3243,57.696,7.837,12.9637,13.5839,0.3048,0.0266,119.4072,5.9791,0.6118,3.3243,0.0173,0.1116,2.4975,0.2141,5.2228,122.0648,1.5978,3.2639,0.0872
2025-04-09,4.502,5.7707,4.9614,3.0977,5.3351,2.6852,3.1607,3.3305,57.9934,7.8309,12.9238,13.6026,0.3028,0.0265,119.9286,5.9907,0.6125,3.3305,0.0173,0.1121,2.4885,0.215,5.2032,122.5701,1.6041,3.2517,0.0878
2025-04-10,4.4765,5.7507,4.9159,3.0487,5.2535,2.7645,3.1794,3.3392,57.6716,7.8238,13.1122,13.6267,0.3072,0.0267,119.2366,5.9798,0.6095,3.3392,0.0173,0.1114,2.5456,0.2138,5.191,121.8742,1.5952,3.2272,0.0866
2025-04-11,4.438,5.7854,5.0327,3.0993,5.4304,2.7706,3.1815,3.3464,57.2117,7.7924,13.1516,13.5375,0.3057,0.0264,118.2269,5.9435,0.6067,3.3464,0.0173,0.1104,2.5718,0.212,5.1492,120.826,1.5813,3.2183,0.0865
2025-04-14,4.423,5.7972,5.0296,3.0925,5.4127,2.7818,3.1917,3.3594,57.018,7.7518,13.203,13.6138,0.3098,0.0264,117.8194,5.9807,0.6052,3.3594,0.0171,0.1101,2.5844,0.2113,5.147,120.4176,1.5767,3.2128,0.0863
2025-04-15,4.4115,5.8221,5.0057,3.0821,5.4,2.8028,3.18,3.3549,56.8562,7.7513,13.1569,13.5981,0.3101,0.0262,117.5491,5.9765,0.6034,3.3549,0.017,0.1098,2.6079,0.2107,5.1471,120.1045,1.5727,3.2169,0.0865
2025-04-16,4.416,5.8572,5.0091,3.0984,5.4157,2.8028,3.1677,3.3569,56.9263,7.8006,13.2513,13.5931,0.3093,0.0262,117.6847,5.9771,0.6027,3.3569,0.0171,0.1099,2.611,0.2109,5.1624,120.2271,1.5739,3.2269,0.0866
2025-04-17,4.412,5.8298,5.0138,3.0936,5.3996,2.8029,3.177,3.359,56.8447,7.7899,13.2912,13.5716,0.311,0.0262,117.5781,5.9771,0.6038,3.359,0.0171,0.1098,2.6093,0.2107,5.1566,120.1214,1.5737,3.2233,0.0863
2025-04-18,4.409,5.851,5.0148,3.0978,5.3893,2.8114,3.1812,3.3601,56.7983,7.7723,13.2135,13.5202,0.3102,0.0262,117.5028,5.9717,0.6042,3.3601,0.017,0.1097,2.617,0.2106,5.1578,120.0381,1.5713,3.2278,0.0862
2025-04-21,4.386,5.8687,5.0498,3.1158,5.4225,2.8176,3.1792,3.3632,56.5112,7.7569,13.2308,13.5141,0.3096,0.0261,116.893,5.9486,0.6019,3.3632,0.0169,0.1092,2.6323,0.2095,5.1509,119.4087,1.5636,3.2193,0.0858
2025-04-22,4.378,5.8687,5.05,3.1227,5.421,2.8164,3.1712,3.3554,56.4273,7.7222,13.2166,13.4741,0.308,0.026,116.6907,5.9729,0.5991,3.3554,0.0169,0.109,2.6345,0.2091,5.1415,119.1974,1.5608,3.2134,0.0857
2025-04-23,4.408,5.8593,5.0167,3.1,5.3498,2.8176,3.1849,3.3592,56.814,7.7857,13.1543,13.5689,0.3086,0.0261,117.5153,6.0026,0.604,3.3591,0.017,0.1098,2.632,0.2105,5.1673,120.0093,1.5645,3.2295,0.0864
2025-04-24,4.3905,5.8264,4.9782,3.0732,5.2968,2.7921,3.1651,3.3381,56.5855,7.7634,13.0728,13.4939,0.307,0.026,117.0457,5.9594,0.6013,3.3381,0.0169,0.1093,2.6134,0.2097,5.1251,119.5312,1.5633,3.2032,0.0862
2025-04-25,4.374,5.812,4.954,3.045,5.2563,2.8057,3.1531,3.3284,56.3743,7.7642,13.0899,13.4618,0.3049,0.026,116.6058,5.9323,0.6005,3.3284,0.0168,0.1089,2.6185,0.2089,5.1378,119.0836,1.5518,3.2115,0.0858
2025-04-28,4.374,5.8152,4.9669,3.0463,5.2807,2.7932,3.1524,3.3265,56.3838,7.7648,12.9869,13.4558,0.3034,0.0259,116.5981,5.9266,0.5995,3.3265,0.0168,0.109,2.6045,0.2089,5.1213,119.082,1.5571,3.2009,0.0859
2025-04-29,4.334,5.8132,4.9366,3.0428,5.2607,2.7809,3.1275,3.3113,55.8696,7.6987,13.0092,13.4265,0.3014,0.0258,115.5333,5.8708,0.5959,3.3113,0.0167,0.1079,2.5807,0.207,5.0953,117.993,1.5421,3.1851,0.0852
2025-04-30,4.3175,5.7785,4.9086,3.0292,5.24,2.7626,3.1191,3.3017,55.6569,7.729,12.9266,13.4754,0.3021,0.0259,115.1057,5.8592,0.594,3.3017,0.0166,0.1075,2.5605,0.2062,5.0709,117.5438,1.5358,3.1692,0.085
2025-05-02,4.296,5.7182,4.8601,2.9581,5.1856,2.7574,3.1093,3.2897,55.3883,7.7201,12.8932,13.7235,0.3023,0.0261,114.5478,5.817,0.5908,3.2897,0.0165,0.107,2.5486,0.2052,5.1164,116.96,1.5281,3.1986,0.0846
2025-05-05,4.2,5.5816,4.7597,2.9109,5.0999,2.7147,3.0422,3.2488,54.1918,7.5696,12.6754,14.1214,0.3,0.0256,111.9955,5.687,0.5776,3.2488,0.0162,0.1046,2.507,0.2006,4.9835,114.348,1.4919,3.1154,0.0828
2025-05-06,4.232,5.6264,4.7887,2.9431,5.1409,2.7341,3.0613,3.2725,54.6019,7.6006,12.8701,14.0651,0.3063,0.0257,112.8383,5.7388,0.5859,3.2725,0.0163,0.1053,2.5265,0.2021,5.0169,115.2223,1.5051,3.1355,0.0835
2025-05-07,4.2355,5.6527,4.8056,2.9597,5.1311,2.7471,3.0711,3.2802,54.6241,7.6432,12.9131,14.0128,0.3031,0.0256,112.9196,5.7429,0.5861,3.28,0.0163,0.1054,2.543,0.2023,5.0096,115.316,1.5041,3.131,0.0836
2025-05-08,4.267,5.6943,4.8332,2.9713,5.1831,2.7552,3.086,3.2966,54.9181,7.6884,13.0589,14.1007,0.3062,0.0259,113.7594,5.7907,0.5898,3.2966,0.0164,0.1062,2.5463,0.2038,5.0469,116.1736,1.5176,3.1547,0.0843
2025-05-09,4.3185,5.7145,4.8467,2.9649,5.1924,2.7666,3.1019,3.3218,55.5527,7.7718,13.0488,14.2841,0.3077,0.0261,115.1354,5.8393,0.5958,3.3218,0.0166,0.1076,2.5458,0.2063,5.0395,117.5742,1.5307,3.1502,0.0853
2025-05-13,4.3275,5.7117,4.8104,2.9289,5.1344,2.769,3.0989,3.3195,55.527,7.7696,12.9653,14.2343,0.3056,0.0262,115.3754,5.8071,0.6018,3.3195,0.0167,0.1077,2.5444,0.2067,5.106,117.8176,1.5391,3.1923,0.0857
2025-05-14,4.3145,5.7424,4.8305,2.9333,5.1452,2.7943,3.0994,3.3157,55.2858,7.7294,12.9506,14.2365,0.3046,0.0261,115.0319,5.7968,0.5979,3.3157,0.0166,0.1075,2.5652,0.2061,5.0663,117.4685,1.5313,3.1665,0.0855
2025-05-15,4.286,5.6925,4.799,2.9337,5.106,2.7608,3.069,3.3002,54.8836,7.6914,12.8254,14.2099,0.3073,0.0259,114.269,5.7892,0.5944,3.3002,0.0165,0.1068,2.5311,0.2047,5.0072,116.6878,1.5212,3.13,0.085
2025-05-16,4.2675,5.6811,4.7796,2.9377,5.116,2.7404,3.0601,3.2955,54.6418,7.6754,12.8743,14.1632,0.3065,0.026,113.7757,5.7565,0.5927,3.2955,0.0165,0.1063,2.518,0.2038,4.9956,116.1857,1.5146,3.1223,0.0851
2025-05-19,4.311,5.7323,4.8201,2.968,5.1564,2.7642,3.0858,3.3201,55.1148,7.7218,12.9722,14.2943,0.3083,0.0262,114.9355,5.8167,0.5974,3.3201,0.0166,0.1074,2.5392,0.2059,5.037,117.3844,1.5274,3.1486,0.086
2025-05-20,4.285,5.728,4.8185,2.9589,5.1367,2.7628,3.0699,3.3093,54.7649,7.6938,12.9047,14.2019,0.3071,0.0261,114.2453,5.7994,0.5933,3.3093,0.0165,0.1067,2.5378,0.2047,5.0164,116.6653,1.5209,3.1354,0.0856
2025-05-21,4.271,5.7366,4.8412,2.9702,5.1918,2.7542,3.075,3.3087,54.5543,7.6823,13.0353,14.1633,0.3084,0.026,113.8782,5.7737,0.5926,3.3087,0.0165,0.1064,2.5406,0.204,4.9904,116.2794,1.5155,3.1187,0.0856
2025-05-22,4.259,5.7177,4.8265,2.9718,5.1649,2.7441,3.0744,3.3036,54.4278,7.6544,13.0624,14.2118,0.3084,0.0261,113.5552,5.7781,0.5912,3.3036,0.0164,0.106,2.5237,0.2034,4.9715,115.9558,1.506,3.1073,0.0854
2025-05-23,4.2535,5.7199,4.8113,2.9655,5.1455,2.7367,3.0753,3.2978,54.3151,7.6705,12.9937,14.1949,0.3095,0.0261,113.398,5.7627,0.5906,3.2978,0.0164,0.1059,2.5164,0.2032,4.948,115.8029,1.503,3.0928,0.0852
2025-05-26,4.2065,5.7118,4.8005,2.9527,5.1283,2.7433,3.0703,3.282,53.6756,7.6013,12.959,14.0686,0.3086,0.026,112.1554,5.7143,0.5863,3.282,0.0162,0.1047,2.5332,0.2009,4.9462,114.5218,1.4859,3.0914,0.0843
2025-05-27,4.21,5.7126,4.7967,2.9555,5.1313,2.7274,3.0647,3.2793,53.7137,7.607,12.922,14.0727,0.3077,0.0259,112.2457,5.719,0.5855,3.2793,0.0162,0.1048,2.5212,0.2011,4.9352,114.6171,1.4884,3.0845,0.0845
2025-05-28,4.25,5.7296,4.8057,2.9439,5.1332,2.7387,3.0741,3.2955,54.2185,7.6512,12.987,14.2131,0.309,0.0261,113.3061,5.7707,0.5904,3.2955,0.0164,0.1058,2.5398,0.203,4.9639,115.7313,1.5024,3.1024,0.0853
2025-05-29,4.241,5.6976,4.7701,2.9097,5.0952,2.7246,3.0623,3.2781,54.1058,7.6146,12.92,14.1468,0.3068,0.026,113.0662,5.7538,0.5891,3.2783,0.0163,0.1056,2.5185,0.2026,4.9603,115.4768,1.4986,3.1011,0.0852
2025-05-30,4.239,5.7106,4.8115,2.9467,5.15,2.7244,3.0667,3.2899,54.0651,7.6305,12.9832,14.2191,0.3079,0.026,112.9993,5.7426,0.5899,3.2896,0.0163,0.1055,2.5288,0.2025,4.97,115.4223,1.5032,3.106,0.0852
2025-06-03,4.25,5.7449,4.8535,2.9686,5.1918,2.7478,3.0944,3.3002,54.1847,7.633,13.0208,14.179,0.3082,0.0261,113.3001,5.7837,0.5905,3.3002,0.0163,0.1057,2.5562,0.203,4.9715,115.7281,1.5078,3.1073,0.0855
2025-06-04,4.25,5.7445,4.8314,2.9502,5.1562,2.747,3.0977,3.2925,54.1667,7.6109,13.0388,14.1671,0.3092,0.0261,113.3122,5.7812,0.5912,3.2925,0.0163,0.1057,2.5511,0.203,4.9497,115.7218,1.5015,3.0934,0.0856
2025-06-05,4.2425,5.7463,4.8409,2.9667,5.1782,2.7523,3.1005,3.2953,54.077,7.6329,13.0398,14.1686,0.3117,0.0261,113.1077,5.7662,0.5906,3.2953,0.0163,0.1054,2.558,0.2026,4.938,115.5208,1.5039,3.0862,0.0854
2025-06-06,4.228,5.738,4.8347,2.9409,5.1548,2.7486,3.0928,3.2904,53.8863,7.5918,12.9721,14.1528,0.3121,0.026,112.7286,5.7593,0.5887,3.2904,0.0162,0.105,2.5522,0.2019,4.9284,115.1228,1.499,3.0798,0.0852
2025-06-09,4.2385,5.7436,4.837,2.9333,5.161,2.7601,3.097,3.2936,54.0105,7.5896,12.9499,14.1498,0.3124,0.026,113.0041,5.7689,0.5897,3.2936,0.0163,0.1053,2.5581,0.2024,4.9446,115.3977,1.5023,3.0918,0.0854
2025-06-10,4.2345,5.735,4.8288,2.9236,5.1496,2.7645,3.0914,3.2898,53.9533,7.5917,12.9515,14.1466,0.3116,0.026,112.9049,5.7633,0.5893,3.2898,0.0163,0.1052,2.5642,0.2022,4.9489,115.3045,1.5009,3.093,0.0853
2025-06-11,4.2405,5.7173,4.8412,2.9243,5.1547,2.7625,3.1006,3.2955,54.025,7.592,12.9878,14.178,0.3096,0.0261,113.0649,5.7686,0.59,3.2955,0.0163,0.1053,2.5591,0.2025,4.9588,115.4632,1.503,3.0988,0.0856
2025-06-12,4.2255,5.7397,4.8678,2.9364,5.1745,2.7476,3.0936,3.2977,53.8431,7.5685,13.0324,14.2614,0.3107,0.026,112.662,5.7486,0.5886,3.2977,0.0162,0.105,2.5518,0.2018,4.9458,115.0547,1.4973,3.091,0.0853
2025-06-13,4.2435,5.7514,4.8959,2.9572,5.2441,2.7504,3.1129,3.3092,54.0635,7.5793,13.075,14.3478,0.3099,0.026,113.1148,5.8067,0.5909,3.3092,0.0163,0.1055,2.5569,0.2027,4.93,115.5449,1.5037,3.0808,0.0853
2025-06-16,4.246,5.7476,4.8946,2.9387,5.2223,2.7489,3.1206,3.3085,54.0926,7.5214,13.0715,14.3684,0.3113,0.026,113.1588,5.7907,0.591,3.3085,0.0163,0.1056,2.5518,0.2028,4.9268,115.6161,1.5006,3.08,0.0839
2025-06-17,4.2395,5.7547,4.9017,2.9304,5.2098,2.769,3.1233,3.3089,54.0084,7.5161,13.0416,14.3922,0.3116,0.0261,112.9976,5.7958,0.5903,3.3089,0.0163,0.1055,2.5725,0.2025,4.9334,115.4359,1.4954,3.0837,0.0844
2025-06-18,4.248,5.7087,4.8848,2.9281,5.203,2.7578,3.1089,3.3062,54.1157,7.4772,13.0327,14.3725,0.3095,0.026,113.2226,5.8037,0.5911,3.3062,0.0163,0.1057,2.5601,0.2029,4.9232,115.6674,1.4992,3.0767,0.0848
2025-06-19,4.2595,5.7109,4.8839,2.9361,5.1961,2.7655,3.1065,3.3095,54.2629,7.4321,12.9922,14.4116,0.3089,0.026,113.5291,5.8022,0.5925,3.3095,0.0163,0.106,2.554,0.2034,4.922,115.9805,1.5022,3.0762,0.0843
2025-06-20,4.254,5.7418,4.9049,2.9282,5.2123,2.7619,3.107,3.311,54.1914,7.4363,12.9715,14.4086,0.3109,0.026,113.3599,5.7948,0.5924,3.311,0.0163,0.1058,2.5545,0.2032,4.9105,115.8339,1.5003,3.0695,0.084
2025-06-23,4.281,5.7438,4.9208,2.9181,5.2351,2.7413,3.1099,3.3167,54.5354,7.4329,12.9708,14.4253,0.3098,0.026,114.0794,5.8376,0.5956,3.3167,0.0164,0.1065,2.5356,0.2045,4.9361,116.5691,1.5087,3.0855,0.0842
2025-06-24,4.254,5.7703,4.9372,2.9254,5.2412,2.7613,3.1007,3.3183,54.1914,7.4763,12.9901,14.4137,0.3118,0.026,113.3795,5.7797,0.5927,3.3183,0.0163,0.1058,2.5552,0.2032,4.9396,115.8339,1.4997,3.0873,0.0839
2025-06-25,4.2385,5.7697,4.9217,2.9236,5.2613,2.7544,3.0869,3.3115,53.994,7.4624,13.0003,14.4034,0.3107,0.026,112.9875,5.7966,0.5912,3.3115,0.0162,0.1054,2.5556,0.2024,4.9322,115.4087,1.4943,3.0828,0.0847
2025-06-26,4.225,5.7929,4.9411,2.9181,5.2599,2.7604,3.0812,3.3131,53.8241,7.4627,13.0289,14.5294,0.3118,0.026,112.6516,5.7776,0.5898,3.3131,0.0162,0.1051,2.561,0.2018,4.9213,115.0443,1.4898,3.0755,0.0847
2025-06-30,4.217,5.7826,4.939,2.9239,5.2759,2.755,3.0826,3.3058,53.7215,7.4854,12.9475,14.4225,0.3109,0.026,112.4383,5.7915,0.5886,3.3058,0.0162,0.1048,2.5578,0.2014,4.9325,114.8264,1.4867,3.0834,0.0849
2025-07-01,4.1925,5.7599,4.943,2.9139,5.2912,2.7536,3.0802,3.2955,53.408,7.4536,12.9159,14.3608,0.3098,0.0259,111.7851,5.7605,0.5854,3.2955,0.016,0.1042,2.5518,0.2002,4.8989,114.1484,1.4775,3.0619,0.0845
2025-07-02,4.2165,5.796,4.9755,2.9376,5.3309,2.7747,3.0896,3.3123,53.7144,7.4877,12.9966,14.4932,0.3102,0.026,112.431,5.8137,0.5883,3.3123,0.0161,0.1047,2.5731,0.2014,4.9242,114.8097,1.486,3.0776,0.0853
2025-07-03,4.224,5.7565,4.9807,2.9364,5.335,2.7739,3.1071,3.3165,53.8093,7.5063,13.062,14.622,0.3105,0.0261,112.634,5.8107,0.5896,3.3165,0.0161,0.1049,2.5627,0.2017,4.9298,115.0139,1.4886,3.0812,0.0856
2025-07-04,4.229,5.7758,4.9775,2.9261,5.3275,2.7782,3.1145,3.3171,53.8757,7.4844,13.0392,14.6393,0.3096,0.0261,112.7643,5.8213,0.5902,3.3171,0.0161,0.105,2.5672,0.202,4.9531,115.1532,1.4904,3.0956,0.0857
2025-07-07,4.234,5.7701,4.9832,2.9234,5.3275,2.7589,3.1073,3.3165,53.937,7.4783,13.0145,14.5915,0.3096,0.0261,112.8916,5.8282,0.5904,3.3164,0.0162,0.105,2.5487,0.2022,4.9416,115.2862,1.4915,3.0885,0.0858
2025-07-08,4.2385,5.7779,4.9783,2.9012,5.3224,2.7603,3.1048,3.3163,53.994,7.5171,13.0484,14.5884,0.3101,0.0261,113.0177,5.8158,0.591,3.316,0.0162,0.1052,2.5488,0.2024,4.9455,115.4087,1.4937,3.0909,0.0853
2025-07-09,4.254,5.772,4.9789,2.8918,5.3322,2.7749,3.1079,3.3185,54.1911,7.5143,13.0191,14.6095,0.3095,0.0262,113.4249,5.8339,0.5925,3.3185,0.0163,0.1057,2.5462,0.2032,4.9514,115.8308,1.4992,3.0946,0.0856
2025-07-10,4.2525,5.7849,4.9899,2.9075,5.3555,2.7828,3.1082,3.3229,54.1723,7.5376,13.0365,14.5474,0.3097,0.0262,113.3819,5.8267,0.5924,3.3229,0.0163,0.1057,2.5534,0.2031,4.9676,115.7899,1.4947,3.1053,0.0857
2025-07-11,4.256,5.7735,4.9716,2.8962,5.337,2.8028,3.1085,3.3236,54.2176,7.5378,13.0733,14.5559,0.3099,0.0262,113.4752,5.8381,0.5937,3.3236,0.0163,0.1058,2.563,0.2033,4.96,115.8852,1.496,3.0998,0.086
2025-07-14,4.255,5.7366,4.9703,2.8886,5.3391,2.7947,3.1074,3.3205,54.2038,7.5079,13.1226,14.551,0.3086,0.0262,113.45,5.8277,0.5934,3.3205,0.0163,0.1058,2.5477,0.2032,4.9485,115.8422,1.4959,3.0933,0.086
2025-07-15,4.254,5.7129,4.967,2.8807,5.3379,2.7851,3.1057,3.3167,54.1914,7.4937,13.084,14.496,0.3077,0.0261,113.4279,5.8242,0.593,3.3167,0.0163,0.1058,2.5428,0.2032,4.95,115.8308,1.4951,3.0939,0.086
2025-07-16,4.252,5.6928,4.9372,2.8529,5.3021,2.7736,3.0989,3.3079,54.1656,7.4606,13.073,14.4744,0.3063,0.0261,113.3716,5.8165,0.5921,3.3079,0.0163,0.1057,2.5282,0.2031,4.9449,115.7763,1.4938,3.0906,0.0861
2025-07-17,4.247,5.6878,4.9346,2.859,5.2899,2.7552,3.0963,3.3033,54.1033,7.4327,13.0786,14.401,0.3052,0.026,113.2262,5.7942,0.5917,3.3033,0.0162,0.1056,2.5163,0.2028,4.9487,115.6402,1.4904,3.093,0.0859
2025-07-18,4.245,5.7008,4.9344,2.8553,5.2887,2.7603,3.0894,3.3041,54.0826,7.4267,13.0928,14.4368,0.305,0.026,113.1698,5.7861,0.5911,3.3041,0.0162,0.1056,2.5281,0.2027,4.9338,115.5857,1.4895,3.083,0.0859
2025-07-21,4.2395,5.6875,4.9286,2.8557,5.2885,2.7589,3.0893,3.2999,54.0105,7.4129,13.0796,14.3888,0.3044,0.026,113.0217,5.7899,0.5906,3.2999,0.0162,0.1054,2.5223,0.2025,4.9129,115.4391,1.4878,3.0705,0.0859
2025-07-22,4.232,5.7043,4.9459,2.8677,5.3013,2.7593,3.0918,3.3023,53.9125,7.4227,13.1225,14.4024,0.3052,0.026,112.8142,5.7829,0.5901,3.3023,0.0162,0.1053,2.5221,0.2021,4.9074,115.2317,1.4849,3.0671,0.0859
2025-07-23,4.2255,5.7163,4.9603,2.876,5.3268,2.773,3.1069,3.305,53.828,7.4205,13.1308,14.4102,0.3068,0.0259,112.638,5.7841,0.5898,3.305,0.0162,0.1051,2.538,0.2018,4.8918,115.0422,1.4826,3.0561,0.0861
2025-07-24,4.217,5.7256,4.9655,2.8878,5.3235,2.7895,3.0996,3.3065,53.7245,7.4452,13.1228,14.4068,0.3085,0.0259,112.4024,5.7829,0.5897,3.3065,0.0161,0.1049,2.5519,0.2014,4.8879,114.8233,1.4786,3.0551,0.0859
2025-07-25,4.219,5.6933,4.954,2.8656,5.2993,2.778,3.0903,3.2976,53.7493,7.4204,13.0731,14.3347,0.3066,0.0259,112.4617,5.7894,0.589,3.2976,0.0161,0.1049,2.5434,0.2015,4.8768,114.8778,1.4793,3.048,0.086
2025-07-28,4.2205,5.6736,4.9618,2.8571,5.3088,2.772,3.0821,3.2966,53.7708,7.389,13.0403,14.3141,0.3061,0.0258,112.5017,5.7812,0.5887,3.2966,0.0161,0.1051,2.5386,0.2016,4.8847,114.9217,1.4894,3.0528,0.0864
2025-07-29,4.2425,5.6599,4.9141,2.8596,5.279,2.7663,3.088,3.2972,54.0463,7.4046,13.0639,14.2691,0.3049,0.0259,113.0926,5.7961,0.5911,3.2972,0.0162,0.1056,2.5317,0.2026,4.8872,115.5176,1.4989,3.0541,0.087
2025-07-30,4.235,5.6577,4.8965,2.862,5.2625,2.7608,3.0771,3.2926,53.9497,7.393,13.074,14.2511,0.3064,0.0259,112.9092,5.7698,0.5903,3.2926,0.0161,0.1054,2.5268,0.2023,4.8592,115.3134,1.4962,3.0369,0.0871
2025-07-31,4.254,5.6404,4.8593,2.8599,5.2296,2.7466,3.0771,3.2857,54.1925,7.2906,12.9992,14.2136,0.3056,0.0258,113.4037,5.7913,0.5915,3.2857,0.0162,0.1059,2.5165,0.2032,4.8542,115.8308,1.4992,3.0339,0.0874
2025-08-01,4.2775,5.6465,4.8843,2.8407,5.2569,2.753,3.0876,3.2967,54.4908,7.3461,13.036,14.2736,0.3057,0.026,114.0332,5.7956,0.5934,3.2967,0.0163,0.1064,2.5162,0.2043,4.8889,116.4706,1.5068,3.0556,0.0881
2025-08-04,4.2355,5.6258,4.9041,2.8677,5.2612,2.7452,3.0746,3.2892,53.9558,7.3594,13.0452,14.1912,0.306,0.0259,112.909,5.73,0.5899,3.2892,0.0162,0.1054,2.5066,0.2023,4.8507,115.327,1.493,3.0316,0.0872
2025-08-05,4.2305,5.617,4.8883,2.8736,5.2264,2.731,3.0677,3.2834,53.8924,7.3716,13.0601,14.138,0.3046,0.0258,112.7607,5.7643,0.589,3.2834,0.0162,0.1053,2.4937,0.2021,4.8166,115.1909,1.4917,3.0104,0.0873
2025-08-06,4.2275,5.6266,4.8957,2.868,5.2405,2.7432,3.0701,3.2843,53.8538,7.3358,13.0559,14.1105,0.3043,0.0258,112.6657,5.7541,0.5881,3.2843,0.0161,0.1052,2.5037,0.2019,4.8185,115.1092,1.4899,3.0116,0.0873
2025-08-07,4.2295,5.6504,4.9335,2.8672,5.2505,2.7538,3.0794,3.2935,53.8821,7.3807,13.0904,14.2087,0.3058,0.0259,112.7221,5.7678,0.589,3.2935,0.0161,0.1053,2.5142,0.202,4.8241,115.1637,1.4896,3.015,0.0873
2025-08-08,4.2355,5.6923,4.9384,2.8775,5.2501,2.7622,3.0827,3.2994,53.9564,7.4374,13.0978,14.19,0.3051,0.026,112.8609,5.7909,0.5898,3.2994,0.0162,0.1054,2.5246,0.2023,4.8368,115.327,1.492,3.0228,0.0873
2025-08-11,4.2355,5.7033,4.9435,2.8718,5.2517,2.7641,3.0811,3.3003,53.9564,7.4261,13.0948,14.1708,0.3053,0.0261,112.8519,5.7844,0.5898,3.3003,0.0161,0.1054,2.5229,0.2023,4.8387,115.3255,1.4924,3.0242,0.0873
2025-08-12,4.233,5.6853,4.9183,2.8519,5.2166,2.7589,3.0722,3.2912,53.9239,7.4004,13.0871,14.1331,0.3047,0.026,112.7928,5.7829,0.589,3.2912,0.0161,0.1054,2.5127,0.2022,4.8297,115.259,1.4912,3.018,0.0873
2025-08-13,4.222,5.701,4.9328,2.8526,5.2343,2.7568,3.0644,3.2909,53.7841,7.4165,13.0581,14.0689,0.3051,0.026,112.5057,5.7604,0.5881,3.2909,0.0161,0.1051,2.5157,0.2017,4.818,114.9594,1.4873,3.0112,0.0872
2025-08-14,4.1975,5.6977,4.9125,2.8642,5.2104,2.7483,3.0498,3.2796,53.4768,7.3983,12.9883,14.0113,0.3034,0.026,111.8647,5.7515,0.5852,3.2796,0.016,0.1045,2.5076,0.2005,4.8013,114.2923,1.4795,3.0009,0.0869
2025-08-15,4.218,5.7143,4.9182,2.865,5.2281,2.7428,3.0557,3.2858,53.8439,7.3845,13.0145,14.0413,0.3039,0.0261,112.4096,5.779,0.5873,3.2858,0.0161,0.105,2.4968,0.2015,4.8153,114.8505,1.4867,3.0109,0.0873
2025-08-18,4.2235,5.726,4.9432,2.8656,5.2388,2.7539,3.0598,3.2941,53.9617,7.4015,13.0275,14.0713,0.3052,0.0261,112.5546,5.7831,0.5882,3.2941,0.0161,0.1051,2.5064,0.2017,4.83,114.9878,1.4887,3.0187,0.0875
2025-08-19,4.226,5.7051,4.9252,2.8584,5.2331,2.7414,3.0597,3.2909,54.2115,7.4044,13.0011,14.0424,0.3042,0.026,112.6243,5.7836,0.5884,3.2909,0.0161,0.1051,2.5028,0.2018,4.8432,115.0684,1.4894,3.0268,0.0874
2025-08-20,4.226,5.6935,4.9159,2.8644,5.2273,2.7184,3.0458,3.2863,54.1427,7.3884,12.9682,13.9414,0.302,0.0259,112.6153,5.7833,0.5881,3.2863,0.0161,0.1051,2.4627,0.2018,4.851,115.0684,1.4895,3.032,0.0872
2025-08-21,4.2225,5.6807,4.9175,2.8643,5.2447,2.7117,3.042,3.2831,54.0722,7.4054,12.9614,13.8524,0.302,0.0259,112.519,5.7719,0.5887,3.2831,0.016,0.105,2.4564,0.2017,4.8556,114.9731,1.4881,3.0354,0.0869
2025-08-22,4.2305,5.6695,4.9032,2.8454,5.2228,2.7173,3.0406,3.2797,54.1175,7.4084,12.95,13.8319,0.3034,0.0259,112.7292,5.7817,0.5889,3.2797,0.016,0.1052,2.459,0.2021,4.8423,115.183,1.4911,3.0264,0.0872
2025-08-25,4.2,5.6748,4.9169,2.8506,5.2323,2.7248,3.0361,3.2756,53.7965,7.4189,12.9398,13.8085,0.3031,0.0258,111.9343,5.727,0.5868,3.2756,0.016,0.1044,2.4625,0.2006,4.808,114.3588,1.4805,3.0049,0.0867
2025-08-26,4.215,5.6698,4.9001,2.8518,5.2312,2.7279,3.0415,3.279,53.9765,7.4143,12.986,13.8079,0.3028,0.0259,112.3401,5.7734,0.5892,3.279,0.016,0.1048,2.4576,0.2013,4.8026,114.7688,1.4857,3.0014,0.0869
2025-08-27,4.2275,5.6892,4.9147,2.8596,5.2535,2.7428,3.0546,3.2846,54.3583,7.39,12.9857,13.8167,0.3029,0.0259,112.6657,5.7792,0.5909,3.2846,0.016,0.1052,2.472,0.2019,4.8205,115.0998,1.4901,3.0133,0.087
2025-08-28,4.2275,5.7105,4.9221,2.874,5.2755,2.7544,3.0684,3.289,54.2589,7.4021,13.0428,13.8502,0.3047,0.0258,112.6612,5.7652,0.5913,3.289,0.016,0.1052,2.4792,0.2019,4.8273,115.1092,1.4901,3.0171,0.0869
2025-08-29,4.218,5.6937,4.9195,2.8695,5.2557,2.7571,3.0664,3.2865,54.1349,7.394,13.0457,13.8168,0.3039,0.0257,112.4111,5.7768,0.5916,3.2865,0.016,0.1049,2.4846,0.2015,4.8076,114.838,1.4857,3.0049,0.087
2025-09-02,4.231,5.7231,4.9482,2.8645,5.2792,2.7673,3.0761,3.2912,54.2293,7.376,13.1062,13.8004,0.3039,0.0258,112.7485,5.7907,0.5923,3.2912,0.0161,0.1052,2.491,0.2021,4.8043,115.1919,1.4911,3.0025,0.0871
2025-09-03,4.2305,5.653,4.9173,2.8408,5.2494,2.7577,3.0664,3.2801,54.1965,7.3615,13.04,13.768,0.3035,0.0257,112.7472,5.777,0.592,3.2801,0.016,0.1052,2.4784,0.2021,4.803,115.1877,1.4908,3.0016,0.0872
2025-09-04,4.229,5.6789,4.9281,2.8527,5.257,2.7628,3.0631,3.2817,54.2193,7.3923,13.0878,13.7829,0.3034,0.0257,112.7072,5.7772,0.5921,3.2817,0.016,0.1051,2.4839,0.202,4.8046,115.15,1.4899,3.003,0.0871
2025-09-08,4.222,5.6978,4.9438,2.8489,5.2894,2.7694,3.0521,3.2838,54.1598,7.4227,13.1793,13.8413,0.303,0.0258,112.5252,5.7804,0.5917,3.2838,0.016,0.105,2.4906,0.2017,4.7898,114.9579,1.4879,2.9895,0.0871
2025-09-09,4.2105,5.7092,4.9532,2.8572,5.3096,2.7787,3.0488,3.2827,54.0518,7.4155,13.297,13.8526,0.3032,0.0256,112.2635,5.7733,0.591,3.2827,0.016,0.1047,2.5025,0.2011,4.7843,114.6494,1.4833,2.9899,0.0874
2025-09-10,4.2125,5.701,4.932,2.858,5.2821,2.7819,3.041,3.2829,54.0858,7.3813,13.2615,13.916,0.3036,0.0256,112.2495,5.7865,0.5912,3.2831,0.016,0.1048,2.5029,0.2012,4.7794,114.7008,1.484,2.9872,0.0877
2025-09-11,4.2205,5.7093,4.9361,2.8624,5.2822,2.791,3.0427,3.289,54.1774,7.385,13.277,13.9052,0.3037,0.0256,112.4957,5.7844,0.5927,3.289,0.016,0.105,2.5068,0.2016,4.7888,114.9186,1.4869,2.9927,0.0877
2025-09-12,4.2105,5.7075,4.9368,2.8556,5.2856,2.8052,3.0416,3.2833,54.1015,7.3731,13.2844,13.9211,0.3033,0.0257,112.2321,5.7659,0.5912,3.2833,0.016,0.1051,2.5139,0.2011,4.7642,114.6463,1.4833,2.9777,0.0873
2025-09-17,4.1915,5.7185,4.9678,2.8603,5.3259,2.7985,3.0476,3.2836,53.8805,7.3676,13.2057,13.941,0.3036,0.0255,111.7495,5.7667,0.5897,3.2836,0.0159,0.1043,2.5055,0.2002,4.7721,114.129,1.4772,2.9817,0.0871
2025-09-18,4.1955,5.7145,4.9557,2.853,5.3124,2.7869,3.0446,3.2808,53.9597,7.3525,13.1872,13.9416,0.303,0.0254,111.8293,5.7803,0.5903,3.2808,0.0159,0.1044,2.486,0.2004,4.7708,114.2379,1.4783,2.9812,0.0872
2025-09-19,4.206,5.6998,4.9555,2.8491,5.3066,2.781,3.0492,3.2804,54.0878,7.3596,13.1982,13.9604,0.3017,0.0254,112.148,5.7921,0.5914,3.2804,0.0159,0.1046,2.4733,0.2009,4.7651,114.5097,1.4822,2.979,0.0873
2025-09-22,4.21,5.6677,4.9394,2.8381,5.2823,2.7761,3.0516,3.277,54.1971,7.3718,13.2452,13.9128,0.3026,0.0253,112.2502,5.7774,0.5918,3.277,0.0159,0.1047,2.4673,0.2011,4.7735,114.6202,1.4836,2.9835,0.0873
2025-09-23,4.1975,5.6731,4.9556,2.8407,5.3002,2.7651,3.0358,3.273,53.9958,7.3506,13.1902,13.8935,0.301,0.0252,111.911,5.763,0.5901,3.273,0.0159,0.1044,2.4576,0.2005,4.7434,114.2923,1.479,2.965,0.0871
2025-09-24,4.2005,5.6738,4.9553,2.8406,5.3007,2.7788,3.0337,3.2708,54.017,7.3266,13.1512,13.842,0.3009,0.0252,111.9894,5.7712,0.5903,3.2708,0.0159,0.1045,2.4583,0.2006,4.7353,114.374,1.4817,2.9592,0.0872
2025-09-25,4.2125,5.6711,4.951,2.8335,5.3001,2.7805,3.0335,3.2712,54.1693,7.2734,13.1098,13.8501,0.301,0.0252,112.3094,5.776,0.5914,3.2712,0.016,0.1048,2.4548,0.2012,4.7539,114.7008,1.4858,2.971,0.0875
2025-09-26,4.22,5.6356,4.9283,2.8189,5.279,2.7609,3.028,3.2647,54.2357,7.2519,13.0893,13.822,0.2991,0.0252,112.5153,5.7837,0.5917,3.2647,0.016,0.105,2.4339,0.2016,4.7573,114.905,1.4883,2.9733,0.0877
2025-09-29,4.2115,5.6569,4.938,2.8277,5.2895,2.7655,3.0251,3.2637,54.13,7.2535,13.0589,13.8295,0.3002,0.0253,112.2932,5.7512,0.5914,3.2637,0.0159,0.1048,2.4361,0.2011,4.7466,114.6767,1.4865,2.9671,0.0875
2025-09-30,4.215,5.6631,4.9417,2.838,5.2866,2.7771,3.029,3.2645,54.1784,7.2349,13.0223,13.8215,0.3002,0.0252,112.388,5.7726,0.5916,3.2645,0.016,0.1048,2.4403,0.2013,4.7506,114.7563,1.4868,2.9691,0.0877
2025-10-01,4.213,5.6627,4.9452,2.8481,5.2924,2.7785,3.024,3.2634,54.1367,7.2239,12.9631,13.817,0.2993,0.0252,112.3407,5.7759,0.5918,3.2634,0.0159,0.1047,2.44,0.2012,4.7465,114.7144,1.4869,2.9667,0.088
2025-10-02,4.2055,5.6684,4.9352,2.8591,5.2793,2.7821,3.0164,3.2643,54.0525,7.2253,12.9559,13.8189,0.2999,0.0253,112.1377,5.7658,0.5907,3.2643,0.0159,0.1045,2.4508,0.2009,4.7384,114.5071,1.4841,2.9635,0.0879
2025-10-03,4.2145,5.6666,4.9419,2.8548,5.285,2.7805,3.0176,3.2679,54.157,7.2736,12.9877,13.8635,0.2992,0.0254,112.3777,5.7839,0.592,3.2679,0.016,0.1047,2.4526,0.2013,4.749,114.7599,1.485,2.9682,0.0883
2025-10-06,4.214,5.6685,4.9407,2.8081,5.2956,2.7846,3.0208,3.2615,54.1562,7.254,13.0263,13.7974,0.2987,0.0254,112.3629,5.7775,0.5919,3.2615,0.016,0.1047,2.4589,0.2013,4.7479,114.7291,1.4874,2.9674,0.0885
2025-10-07,4.214,5.6788,4.9316,2.8026,5.2973,2.7892,3.0214,3.2645,54.152,7.2494,12.9821,13.8797,0.2988,0.0255,112.3494,5.7562,0.5919,3.2644,0.016,0.1047,2.4574,0.2013,4.7476,114.7416,1.4875,2.9672,0.0885
2025-10-08,4.2195,5.6537,4.9047,2.7684,5.2701,2.7709,3.022,3.2577,54.2108,7.2711,12.9991,13.8023,0.2973,0.0254,112.487,5.7644,0.5927,3.2577,0.016,0.1048,2.426,0.2015,4.7536,114.8914,1.4896,2.9711,0.0887
2025-10-09,4.2145,5.654,4.9078,2.7634,5.2645,2.782,3.0236,3.2568,54.1668,7.2743,12.9359,13.8223,0.2971,0.0255,112.3627,5.7455,0.5914,3.2568,0.016,0.1046,2.4446,0.2013,4.7482,114.7552,1.4879,2.9674,0.0886
2025-10-10,4.2215,5.6195,4.8855,2.7652,5.2379,2.7729,3.0118,3.2522,54.2522,7.253,12.8842,13.8034,0.2971,0.0255,112.5493,5.7535,0.5925,3.2522,0.016,0.1047,2.4305,0.2016,4.7549,114.9458,1.4904,2.9718,0.0888
2025-10-13,4.224,5.6405,4.9085,2.7801,5.2714,2.753,3.0182,3.2564,54.3,7.2536,12.9273,13.7684,0.2951,0.0255,112.613,5.7459,0.5923,3.2565,0.016,0.1047,2.4225,0.2017,4.7602,115.0014,1.4914,2.9752,0.0882
2025-10-14,4.2255,5.6394,4.8927,2.777,5.2582,2.7459,3.0094,3.2546,54.3343,7.261,12.9804,13.7576,0.296,0.0255,112.671,5.748,0.5921,3.2546,0.016,0.1047,2.4134,0.2018,4.7601,115.0422,1.4917,2.9752,0.0886
2025-10-15,4.2245,5.6406,4.9101,2.7952,5.2806,2.7516,3.0095,3.2594,54.325,7.2819,12.9905,13.7943,0.297,0.0255,112.6473,5.7435,0.5928,3.2594,0.016,0.1047,2.4175,0.2018,4.7836,115.0306,1.491,2.9893,0.0885
2025-10-16,4.2275,5.6744,4.9299,2.8021,5.3176,2.7424,3.0132,3.2657,54.395,7.2728,13.0017,13.7928,0.2978,0.0255,112.7213,5.7653,0.5933,3.2657,0.016,0.1048,2.427,0.2019,4.8133,115.1092,1.4934,3.0079,0.0888
2025-10-17,4.226,5.6833,4.9482,2.817,5.3467,2.733,3.0088,3.2687,54.4142,7.2751,12.9751,13.7693,0.2975,0.0255,112.6783,5.7712,0.5932,3.2687,0.016,0.1047,2.42,0.2018,4.813,115.0715,1.4919,3.0088,0.0888
2025-10-21,4.226,5.6599,4.917,2.7977,5.3278,2.749,3.0078,3.2642,54.4079,7.2622,12.9632,13.7983,0.2967,0.0255,112.6813,5.7714,0.5937,3.2642,0.016,0.1044,2.4219,0.2018,4.8067,115.0715,1.4936,3.0021,0.089
2025-10-22,4.2295,5.6567,4.9092,2.7863,5.3141,2.7471,3.0201,3.2587,54.4197,7.2461,12.8988,13.7598,0.2956,0.0254,112.7746,5.7671,0.5938,3.259,0.0161,0.1046,2.4309,0.202,4.8077,115.1684,1.4929,3.0045,0.0889
2025-10-23,4.23,5.6399,4.9038,2.7743,5.3041,2.7408,3.0212,3.2542,54.4303,7.2108,12.8797,13.7333,0.2938,0.0254,112.788,5.7598,0.5938,3.2542,0.0161,0.1046,2.4219,0.202,4.8131,115.1773,1.4937,3.0049,0.0889
2025-10-24,4.2265,5.632,4.9065,2.7665,5.3107,2.75,3.0175,3.2534,54.3783,7.2089,12.8975,13.7229,0.2943,0.0254,112.6931,5.7541,0.5933,3.2534,0.0161,0.1046,2.4313,0.2019,4.8145,115.0694,1.4919,3.0024,0.0888
2025-10-27,4.214,5.6139,4.9,2.7534,5.2946,2.7524,3.0123,3.2469,54.2468,7.1768,12.8967,13.7014,0.2942,0.0253,112.3599,5.7398,0.5924,3.2469,0.016,0.1044,2.4258,0.2013,4.7922,114.7447,1.488,2.9951,0.0887
2025-10-28,4.201,5.6109,4.8986,2.7588,5.2919,2.7561,3.0038,3.2438,54.0812,7.1092,12.8796,13.722,0.2925,0.0253,112.0237,5.7315,0.5917,3.2438,0.016,0.1041,2.4271,0.2006,4.7554,114.3876,1.4834,2.9721,0.0885
2025-10-29,4.1905,5.5535,4.8765,2.7556,5.2777,2.7659,3.0064,3.235,53.9252,7.0887,12.9384,13.7065,0.2921,0.0252,111.7437,5.7196,0.5901,3.235,0.0159,0.1039,2.424,0.2001,4.744,114.1048,1.4797,2.9653,0.0885
2025-10-30,4.1975,5.542,4.8756,2.7442,5.2521,2.7664,3.0112,3.2374,54.0174,7.1377,12.9373,13.6762,0.2952,0.0252,111.9274,5.7227,0.5915,3.2374,0.0159,0.1041,2.4251,0.2005,4.7481,114.2923,1.4827,2.9677,0.0887
2025-10-31,4.192,5.5133,4.8489,2.7214,5.2279,2.7458,2.9969,3.2245,53.9664,7.1222,12.9583,13.6458,0.2936,0.0252,111.7703,5.7012,0.5895,3.2245,0.0159,0.1045,2.4024,0.2002,4.731,114.1301,1.4805,2.957,0.0888
2025-11-03,4.1975,5.5151,4.8414,2.7245,5.2166,2.7508,2.9955,3.2243,54.0035,7.1483,12.9523,13.6287,0.2938,0.0252,111.9169,5.7018,0.5899,3.2243,0.016,0.1041,2.4024,0.2005,4.7274,114.2799,1.4823,2.9545,0.0889
2025-11-04,4.2045,5.5199,4.8406,2.7288,5.1972,2.7462,2.99,3.2218,54.0852,7.1681,12.9349,13.6064,0.2921,0.0251,112.108,5.7026,0.5901,3.2218,0.016,0.1043,2.3947,0.2008,4.7474,114.4861,1.4876,2.9671,0.0891
2025-11-05,4.1945,5.4614,4.8189,2.7324,5.18,2.7233,2.9724,3.209,53.9513,7.1375,12.8863,13.5569,0.2902,0.0251,111.8444,5.6837,0.5884,3.209,0.0159,0.104,2.3716,0.2003,4.7256,114.2107,1.4841,2.9569,0.0887
2025-11-06,4.1825,5.464,4.8128,2.7181,5.168,2.7236,2.9655,3.2034,53.7932,7.1061,12.8839,13.5216,0.2893,0.025,111.517,5.6661,0.5871,3.2034,0.0159,0.1037,2.3683,0.1998,4.7197,113.887,1.4797,2.9498,0.0882
2025-11-07,4.176,5.4783,4.8185,2.7283,5.1718,2.7029,2.9566,3.2002,53.7137,7.0649,12.8939,13.4849,0.2867,0.025,111.3496,5.6639,0.5863,3.2002,0.0159,0.1036,2.3469,0.1995,4.71,113.7069,1.4769,2.9437,0.0883
2025-11-10,4.167,5.4784,4.8148,2.707,5.1671,2.7142,2.9693,3.1989,53.59,7.0803,12.877,13.438,0.2862,0.025,111.1096,5.6605,0.5852,3.1989,0.0158,0.1034,2.3446,0.199,4.6997,113.4557,1.4743,2.937,0.088
2025-11-11,4.1515,5.4667,4.7975,2.6911,5.1565,2.7105,2.958,3.1862,53.4031,7.0415,12.8192,13.3986,0.2834,0.0249,110.6919,5.6401,0.5829,3.1862,0.0158,0.1031,2.3429,0.1983,4.6793,113.0398,1.4682,2.9247,0.0878
2025-11-12,4.1305,5.4275,4.7821,2.6761,5.1589,2.6945,2.947,3.1704,53.1514,6.9932,12.7024,13.3053,0.2813,0.0247,110.132,5.6118,0.5802,3.1704,0.0157,0.1025,2.3348,0.1973,4.66,112.4573,1.4608,2.9125,0.0875
2025-11-13,4.131,5.4226,4.7878,2.6697,5.1735,2.7089,2.9493,3.1748,53.165,6.9946,12.7737,13.2855,0.2816,0.0247,110.1483,5.6115,0.5815,3.1748,0.0157,0.1026,2.3365,0.1973,4.6585,112.4816,1.4611,2.9115,0.0875
2025-11-14,4.1325,5.4326,4.8096,2.6741,5.2152,2.7035,2.9467,3.179,53.1905,7.0205,12.7813,13.2677,0.2834,0.0247,110.2,5.6208,0.5825,3.179,0.0157,0.1025,2.3497,0.1974,4.658,112.5255,1.4624,2.9112,0.0876
2025-11-17,4.1505,5.4556,4.8142,2.6826,5.2181,2.7049,2.9566,3.1896,53.395,7.0129,12.7944,13.3183,0.2844,0.0248,110.683,5.647,0.5841,3.1896,0.0158,0.1032,2.3502,0.1982,4.6778,113.0095,1.4684,2.9236,0.0881
2025-11-18,4.1765,5.4917,4.8416,2.6914,5.2508,2.706,2.9716,3.2037,53.6849,7.0747,12.8626,13.3785,0.2849,0.0249,111.3674,5.6797,0.5874,3.2037,0.0158,0.1039,2.3595,0.1995,4.7105,113.7236,1.4778,2.9439,0.0888
2025-11-19,4.148,5.4507,4.805,2.671,5.185,2.6894,2.9634,3.1849,53.2529,7.0491,12.7985,13.2842,0.2828,0.0248,110.6104,5.6349,0.5834,3.1849,0.0157,0.1032,2.3362,0.1981,4.6853,112.9445,1.4679,2.9283,0.088
2025-11-20,4.1645,5.4332,4.795,2.6456,5.1602,2.6992,2.9623,3.1847,53.4912,7.0456,12.8257,13.3332,0.2835,0.0249,111.0445,5.6558,0.5852,3.1847,0.0158,0.1036,2.3352,0.1989,4.6965,113.3969,1.4738,2.9352,0.0879
2025-11-21,4.144,5.423,4.7807,2.6345,5.1491,2.6716,2.9406,3.1692,53.236,7.0333,12.7665,13.2265,0.2819,0.0248,110.4949,5.611,0.5826,3.1692,0.0157,0.103,2.3179,0.1979,4.675,112.8233,1.4666,2.9218,0.0874
2025-11-24,4.1415,5.4243,4.7694,2.6439,5.1221,2.6758,2.9381,3.1676,53.2132,7.0262,12.747,13.1577,0.2805,0.0248,110.4282,5.6078,0.5827,3.1676,0.0157,0.103,2.3219,0.1978,4.6443,112.7675,1.4657,2.903,0.087
2025-11-25,4.132,5.4129,4.7592,2.6356,5.1088,2.6666,2.927,3.167,53.1344,7.0148,12.759,13.1346,0.2801,0.0248,110.169,5.6032,0.5824,3.167,0.0157,0.1028,2.3154,0.1974,4.6394,112.5089,1.4623,2.8996,0.0866
2025-11-26,4.1325,5.4535,4.7898,2.6508,5.1291,2.6865,2.9368,3.1781,53.1299,7.0245,12.8199,13.1886,0.2821,0.0248,110.1794,5.6042,0.5836,3.1781,0.0157,0.1028,2.3516,0.1974,4.6332,112.5225,1.4626,2.8953,0.0864
2025-11-27,4.131,5.4761,4.7928,2.6466,5.1403,2.6984,2.9434,3.1853,53.1171,7.024,12.8252,13.1745,0.2817,0.0248,110.1394,5.6123,0.5835,3.1853,0.0157,0.1028,2.366,0.1973,4.6283,112.4816,1.4621,2.8927,0.0866
2025-11-28,4.129,5.4668,4.7843,2.6423,5.1289,2.6983,2.9431,3.1853,53.0505,7.0277,12.8349,13.1493,0.2819,0.0248,110.067,5.6095,0.5835,3.1853,0.0157,0.1028,2.3618,0.1972,4.6155,112.4195,1.4614,2.8847,0.0867
2025-12-01,4.134,5.4695,4.7942,2.6591,5.1408,2.7065,2.9569,3.1892,53.0779,7.0588,12.8765,13.1522,0.2813,0.0248,110.1974,5.6163,0.5844,3.1892,0.0157,0.1028,2.3713,0.1974,4.6224,112.5572,1.4634,2.889,0.0869
2025-12-02,4.1325,5.4621,4.7987,2.6553,5.139,2.7072,2.9521,3.1861,53.0675,7.0772,12.9141,13.1374,0.2816,0.0248,110.1149,5.6289,0.5841,3.1861,0.0157,0.1028,2.3663,0.1974,4.6033,112.5225,1.4628,2.8771,0.087
2025-12-03,4.1295,5.4631,4.8059,2.6529,5.1493,2.7168,2.9561,3.1866,53.0549,7.0308,12.9411,13.1634,0.281,0.0248,110.0056,5.6191,0.5845,3.1866,0.0157,0.1029,2.3741,0.1972,4.589,112.4408,1.4722,2.8677,0.0869
2025-12-04,4.1175,5.4895,4.7994,2.6497,5.1414,2.7213,2.9489,3.1766,52.9017,6.9595,12.8813,13.1277,0.2796,0.0247,109.7181,5.6165,0.5824,3.1766,0.0156,0.1026,2.3748,0.1967,4.5573,112.1171,1.4576,2.8483,0.0866
2025-12-05,4.115,5.4843,4.7936,2.6528,5.1213,2.7217,2.9486,3.175,52.8662,6.977,12.8714,13.1314,0.2792,0.0247,109.6515,5.6184,0.582,3.175,0.0156,0.1023,2.3721,0.1965,4.5849,112.046,1.4567,2.8662,0.0866
2025-12-08,4.108,5.479,4.7858,2.6485,5.1117,2.7289,2.9711,3.1709,52.7936,6.9677,12.9132,13.1886,0.2795,0.0246,109.4504,5.6015,0.5812,3.1707,0.0156,0.1022,2.3765,0.1962,4.5608,111.8493,1.4645,2.8502,0.0866
2025-12-09,4.118,5.4887,4.7958,2.6427,5.1082,2.7286,2.9738,3.1739,52.936,6.9692,12.9294,13.2167,0.2801,0.0247,109.7168,5.6145,0.5826,3.1739,0.0156,0.1024,2.3827,0.1967,4.5758,112.1246,1.4676,2.8594,0.0868
2025-12-10,4.121,5.482,4.7915,2.6317,5.112,2.7351,2.9744,3.1783,52.9538,6.9597,12.9449,13.1906,0.2799,0.0247,109.8172,5.6166,0.5835,3.1783,0.0156,0.1025,2.3772,0.1968,4.5793,112.2155,1.4698,2.862,0.0867
2025-12-11,4.107,5.4898,4.8015,2.6379,5.1402,2.7258,2.973,3.1741,52.7923,6.9433,12.9281,13.1475,0.2789,0.0246,109.4412,5.5946,0.5816,3.1741,0.0156,0.1022,2.3808,0.1962,4.558,111.8281,1.4529,2.8484,0.0864
2025-12-12,4.101,5.4914,4.8123,2.6337,5.1595,2.7329,2.9771,3.1749,52.6901,6.9424,12.9471,13.1337,0.2783,0.0246,109.2828,5.6035,0.5812,3.1749,0.0156,0.102,2.3831,0.1959,4.5331,111.6648,1.4633,2.8332,0.0863
2025-12-15,4.0895,5.4623,4.7986,2.6313,5.1363,2.7173,2.9703,3.1661,52.5504,6.9182,12.9661,13.0697,0.2773,0.0245,108.9778,5.5896,0.58,3.1661,0.0155,0.1017,2.3596,0.1953,4.515,111.3486,1.4594,2.8219,0.0861
2025-12-16,4.085,5.4602,4.8007,2.6375,5.1335,2.7104,2.9667,3.165,52.5122,6.9377,12.9539,12.9664,0.2771,0.0245,108.8724,5.5904,0.58,3.165,0.0155,0.1018,2.3599,0.1951,4.4991,111.2291,1.4524,2.8116,0.0861
2025-12-17,4.0855,5.4789,4.7962,2.6377,5.1345,2.7075,2.9676,3.1648,52.522,6.9685,12.9905,12.9353,0.2759,0.0245,108.9321,5.5952,0.58,3.1648,0.0155,0.1016,2.3643,0.1951,4.5334,111.2427,1.4526,2.8275,0.0862
2025-12-18,4.0885,5.4641,4.7995,2.6246,5.1405,2.696,2.9655,3.1642,52.542,6.9718,12.9835,12.9541,0.2766,0.0244,109.0005,5.586,0.5805,3.1642,0.0155,0.1016,2.3533,0.1953,4.5234,111.3274,1.4589,2.8274,0.0859
2025-12-19,4.0835,5.4627,4.7865,2.6197,5.1362,2.6994,2.9626,3.1627,52.478,6.9636,12.9944,12.9368,0.2761,0.0244,108.8687,5.5821,0.5799,3.1627,0.0155,0.1014,2.3541,0.195,4.536,111.1913,1.4519,2.8352,0.0859
2025-12-22,4.079,5.4628,4.7798,2.5925,5.1337,2.7007,2.956,3.1552,52.4222,6.9471,13.0278,12.9215,0.2755,0.0243,108.7559,5.5711,0.5794,3.1552,0.0155,0.1014,2.352,0.1948,4.552,111.0657,1.4555,2.8461,0.0859
2025-12-23,4.0675,5.4869,4.7903,2.6045,5.152,2.713,2.9616,3.162,52.2919,6.9265,13.0452,12.9211,0.2741,0.0242,108.4551,5.561,0.5787,3.162,0.0154,0.1011,2.3648,0.1943,4.5353,110.7526,1.4524,2.8332,0.0858
2025-12-24,4.058,5.4848,4.7834,2.6015,5.1533,2.7205,2.9663,3.1622,52.1936,6.9051,13.0692,12.8985,0.2772,0.0242,108.1931,5.5644,0.5775,3.1622,0.0154,0.1008,2.3703,0.1938,4.5285,110.4939,1.4428,2.8303,0.0855
2025-12-26,4.037,5.4522,4.7572,2.5869,5.1205,2.7074,2.951,3.1431,51.9345,6.8638,13.0037,12.8379,0.2817,0.0241,107.6347,5.5361,0.5761,3.1431,0.0154,0.1003,2.3544,0.1928,4.4942,109.9162,1.4411,2.8086,0.0848
2025-12-29,4.054,5.4755,4.7732,2.5924,5.1352,2.7261,2.9678,3.1557,52.1482,6.893,13.0009,12.9145,0.2827,0.0242,108.0879,5.5531,0.5784,3.1557,0.0154,0.1007,2.3635,0.1936,4.5072,110.373,1.4473,2.817,0.0851
2025-12-30,4.0535,5.4743,4.772,2.5939,5.1395,2.7183,2.9614,3.1528,52.1166,6.8905,12.8499,12.9162,0.2821,0.0242,108.0732,5.5534,0.5789,3.1528,0.0154,0.1007,2.3543,0.1936,4.5084,110.3714,1.4469,2.8165,0.085
2025-12-31,4.057,5.4621,4.7639,2.5924,5.1215,2.7168,2.9619,3.1595,52.1261,6.8914,12.8835,12.9286,0.2814,0.0243,108.1636,5.561,0.5805,3.1595,0.0154,0.1008,2.3449,0.1938,4.5143,110.4697,1.4484,2.8211,0.085
2026-01-02,4.0575,5.4724,4.7734,2.5891,5.128,2.7179,2.9597,3.1607,52.0833,6.8914,12.824,12.9142,0.2812,0.0243,108.1942,5.5567,0.5802,3.1607,0.0154,0.1008,2.3408,0.1938,4.5107,110.4743,1.449,2.8186,0.0851
2026-01-05,4.076,5.468,4.7585,2.5921,5.127,2.7189,2.9603,3.163,52.3302,6.9158,12.9912,12.983,0.2816,0.0243,108.6803,5.5778,0.5837,3.163,0.0155,0.1011,2.3435,0.1947,4.5168,110.978,1.4555,2.8242,0.0856
2026-01-06,4.0555,5.4989,4.7591,2.5937,5.1267,2.7265,2.9458,3.1669,52.0874,6.8595,12.9942,12.9,0.2808,0.0242,108.1323,5.544,0.5809,3.1669,0.0154,0.1008,2.3512,0.1937,4.5002,110.4259,1.4476,2.8126,0.0857
2026-01-07,4.0505,5.474,4.7385,2.5872,5.0959,2.7367,2.9317,3.1627,52.0082,6.8359,12.9845,12.8739,0.2797,0.0241,108.0061,5.5438,0.5797,3.1627,0.0154,0.1004,2.3442,0.1935,4.4982,110.2897,1.4336,2.8091,0.0857
2026-01-08,4.0625,5.4695,4.745,2.5923,5.0956,2.7272,2.9309,3.1652,52.1622,6.8701,12.9038,12.8585,0.2802,0.0242,108.3304,5.5556,0.5815,3.1652,0.0155,0.1007,2.3435,0.194,4.5221,110.6165,1.4374,2.823,0.086
2026-01-09,4.064,5.4608,4.7372,2.5846,5.0829,2.7206,2.9301,3.1618,52.138,6.8728,12.9324,12.8408,0.2791,0.0241,108.3733,5.5541,0.5822,3.1618,0.0155,0.1008,2.334,0.1941,4.5205,110.6573,1.445,2.8255,0.086
2026-01-12,4.0665,5.4574,4.7395,2.5717,5.0889,2.7237,2.9264,3.1603,52.1761,6.8646,12.9929,12.8532,0.277,0.0241,108.4371,5.5498,0.583,3.1603,0.0155,0.1007,2.3358,0.1942,4.5074,110.7163,1.4459,2.8171,0.0861
2026-01-13,4.056,5.4636,4.7289,2.5539,5.0837,2.7216,2.9238,3.153,52.0083,6.8418,12.9461,12.8152,0.2752,0.024,108.1571,5.5425,0.5814,3.153,0.0154,0.1005,2.3432,0.1937,4.4957,110.4425,1.4486,2.8095,0.086
2026-01-14,4.0545,5.4511,4.7223,2.5474,5.0624,2.7161,2.9201,3.1485,51.9934,6.8267,12.9001,12.8116,0.2745,0.024,108.1142,5.5369,0.5812,3.1485,0.0154,0.1004,2.3299,0.1937,4.5006,110.3986,1.448,2.812,0.0861
2026-01-15,4.049,5.4372,4.7128,2.5545,5.0584,2.7021,2.9136,3.1434,51.9262,6.8113,12.857,12.8113,0.2751,0.024,107.9647,5.5264,0.5809,3.1434,0.0154,0.1003,2.3219,0.1934,4.4854,110.2489,1.4474,2.8025,0.0856
2026-01-16,4.0605,5.4374,4.7151,2.5681,5.0601,2.7222,2.9242,3.1543,52.0687,6.8361,12.9439,12.8696,0.2756,0.024,108.2771,5.5389,0.5829,3.1543,0.0155,0.1005,2.3376,0.1939,4.4915,110.562,1.4374,2.8071,0.086
2026-01-19,4.054,5.4279,4.7126,2.5678,5.0738,2.7111,2.9167,3.152,52.0047,6.8242,12.95,12.8645,0.2749,0.024,108.1067,5.529,0.5822,3.152,0.0154,0.1002,2.3392,0.1936,4.4701,110.388,1.4479,2.794,0.0856
2026-01-20,4.0525,5.4445,4.7238,2.5653,5.0866,2.7263,2.9249,3.1535,51.9715,6.8127,13.0076,12.8053,0.2742,0.0239,108.0667,5.527,0.5822,3.1535,0.0154,0.1003,2.3598,0.1936,4.4548,110.3352,1.4482,2.7843,0.0855
2026-01-21,4.056,5.4515,4.7532,2.5657,5.1296,2.7305,2.9314,3.1586,52.0207,6.835,13.0544,12.8099,0.276,0.0239,108.16,5.553,0.5822,3.1586,0.0154,0.1004,2.3657,0.1937,4.4457,110.4425,1.4486,2.7786,0.0854
2026-01-22,4.045,5.4334,4.7282,2.551,5.0881,2.7528,2.9262,3.1506,51.8846,6.8327,12.8863,12.7978,0.2754,0.0239,107.8667,5.5317,0.581,3.1506,0.0154,0.1001,2.3714,0.1932,4.4192,110.14,1.4449,2.7618,0.0854
2026-01-23,4.013,5.4137,4.7127,2.5297,5.0769,2.7461,2.909,3.136,51.4606,6.7944,12.8581,12.7163,0.2734,0.0238,107.0133,5.4836,0.5763,3.136,0.0153,0.0993,2.3709,0.1917,4.3868,109.2687,1.4332,2.7418,0.0853
2026-01-26,3.9695,5.4225,4.7088,2.5742,5.1081,2.7439,2.9003,3.1267,50.9345,6.7297,12.785,12.6361,0.2754,0.0237,105.8576,5.4242,0.5707,3.1267,0.0152,0.0982,2.3658,0.1896,4.332,108.0724,1.4187,2.6983,0.0844
2026-01-27,3.9575,5.4152,4.7013,2.5629,5.093,2.737,2.8835,3.1176,50.7499,6.6987,12.7116,12.5803,0.2733,0.0235,105.5362,5.4078,0.5688,3.1176,0.0151,0.098,2.3616,0.189,4.3109,107.7604,1.4129,2.6936,0.0841
2026-01-28,3.9205,5.4105,4.7036,2.5672,5.1202,2.7406,2.8826,3.1088,50.2554,6.6602,12.6447,12.544,0.2745,0.0234,104.5495,5.4077,0.5644,3.1088,0.015,0.0971,2.359,0.1873,4.2783,106.75,1.4014,2.6734,0.0834
2026-01-29,3.933,5.4405,4.7145,2.5718,5.1385,2.7842,2.9088,3.1166,50.4066,6.685,12.6585,12.5763,0.2758,0.0234,104.8716,5.4408,0.5661,3.1166,0.0151,0.0974,2.3922,0.1878,4.2786,107.0787,1.4019,2.6742,0.084
2026-01-30,3.941,5.4201,4.6981,2.5598,5.1268,2.7575,2.9148,3.1105,50.4784,6.6873,12.561,12.5526,0.2744,0.0235,105.0793,5.4473,0.5671,3.1105,0.0152,0.0976,2.3825,0.1882,4.2874,107.3082,1.4075,2.68,0.0842
2026-02-03,3.943,5.396,4.6565,2.5361,5.0649,2.769,2.8871,3.1041,50.473,6.696,12.5334,12.4869,0.2722,0.0235,105.1411,5.4323,0.5682,3.1041,0.0151,0.0975,2.379,0.1883,4.3624,107.3626,1.4095,2.6928,0.0837
2026-02-04,3.9275,5.3824,4.6453,2.5125,5.0648,2.7575,2.8784,3.09,50.2559,6.6608,12.4485,12.4375,0.2708,0.0234,104.7264,5.3962,0.5661,3.09,0.0151,0.0971,2.3691,0.1876,4.3421,106.9406,1.4031,2.7134,0.0836
2026-02-05,3.949,5.3805,4.6557,2.5183,5.0752,2.7505,2.8854,3.099,50.5754,6.7113,12.4065,12.4653,0.2696,0.0235,105.3039,5.4288,0.5686,3.099,0.0152,0.0974,2.3629,0.1886,4.3674,107.526,1.4104,2.7297,0.0842
2026-02-06,3.9545,5.3572,4.6612,2.523,5.0872,2.7448,2.8861,3.1035,50.6225,6.7503,12.4787,12.4905,0.2689,0.0234,105.4505,5.428,0.5698,3.1035,0.0152,0.0976,2.3585,0.1889,4.3828,107.6758,1.4138,2.7392,0.0844
2026-02-09,3.936,5.3526,4.6518,2.509,5.0718,2.7639,2.8807,3.0959,50.3715,6.7321,12.5912,12.4352,0.2682,0.0233,104.9544,5.4034,0.5677,3.0959,0.0152,0.0973,2.3669,0.188,4.3501,107.1604,1.4063,2.7188,0.0839
2026-02-10,3.9245,5.3707,4.6749,2.5265,5.121,2.7766,2.8959,3.1027,50.2092,6.7128,12.6058,12.4394,0.2693,0.0234,104.6422,5.404,0.5679,3.1027,0.0152,0.0971,2.3702,0.1874,4.3263,106.8589,1.4034,2.7038,0.0838
2026-02-11,3.926,5.3651,4.6765,2.5565,5.1227,2.7975,2.9038,3.108,50.2329,6.7176,12.6218,12.4845,0.2698,0.0234,104.6682,5.4151,0.568,3.108,0.0151,0.0971,2.3805,0.1875,4.3394,106.8998,1.4036,2.7123,0.0839
2026-02-12,3.907,5.3258,4.6374,2.5609,5.0684,2.7857,2.8786,3.0964,49.9856,6.7195,12.5829,12.449,0.2707,0.0232,104.1783,5.3944,0.5661,3.0964,0.0151,0.0967,2.3657,0.1866,4.3172,106.3824,1.3921,2.6983,0.0835
2026-02-13,3.9005,5.3105,4.6287,2.5501,5.0669,2.7631,2.8643,3.0883,49.905,6.7267,12.5519,12.4125,0.2704,0.0232,104.005,5.3822,0.5647,3.0883,0.015,0.0967,2.3528,0.1863,4.3019,106.2054,1.3948,2.6887,0.0833
2026-02-16,3.8995,5.3197,4.6277,2.5475,5.0768,2.7624,2.8646,3.0908,49.8992,6.7293,12.5738,12.4457,0.2709,0.0232,103.9784,5.3746,0.5644,3.0908,0.015,0.0966,2.3516,0.1862,4.3006,106.1782,1.3947,2.6879,0.0835
2026-02-19,3.916,5.2831,4.6174,2.5242,5.067,2.7663,2.8589,3.0891,50.1107,6.7527,12.5292,12.4089,0.27,0.0231,104.4155,5.3942,0.5668,3.0891,0.0151,0.0971,2.3396,0.187,4.3016,106.6275,1.4006,2.6993,0.0835
2026-02-20,3.91,5.2558,4.597,2.5202,5.0396,2.7487,2.8556,3.0804,50.0384,6.7253,12.514,12.4218,0.2698,0.0232,104.2486,5.3713,0.566,3.0804,0.0151,0.0969,2.3251,0.1867,4.2987,106.4641,1.3841,2.6868,0.0823
2026-02-23,3.891,5.2599,4.6003,2.5226,5.0395,2.7511,2.8465,3.077,49.7809,6.733,12.5536,12.3771,0.2695,0.0232,103.7254,5.342,0.5632,3.077,0.015,0.0966,2.3288,0.1858,4.2881,105.9496,1.3919,2.68,0.0815
2026-02-24,3.8985,5.2585,4.5907,2.5132,5.0238,2.7545,2.8445,3.0761,49.8405,6.7484,12.5334,12.3975,0.2696,0.0232,103.9157,5.3571,0.5653,3.0761,0.0149,0.0968,2.3243,0.1862,4.2867,106.138,1.3937,2.6792,0.0816
2026-02-25,3.8935,5.2619,4.5906,2.4977,5.0365,2.7648,2.8444,3.077,49.774,6.7587,12.5496,12.4373,0.2713,0.0232,103.7879,5.3486,0.5666,3.077,0.0149,0.0967,2.3264,0.186,4.2844,106.0148,1.3928,2.6771,0.0815
2026-02-26,3.8875,5.2699,4.5939,2.493,5.0346,2.7691,2.8432,3.0774,49.705,6.7542,12.5081,12.4456,0.2728,0.0232,103.639,5.339,0.5686,3.0774,0.0149,0.0966,2.3331,0.1857,4.2794,105.8515,1.3847,2.6746,0.081
2026-02-27,3.8845,5.2408,4.5853,2.4937,5.0246,2.7652,2.8414,3.074,49.6438,6.7466,12.5185,12.4113,0.2708,0.0232,103.5756,5.3436,0.5666,3.074,0.0149,0.0965,2.3262,0.1855,4.2705,105.7698,1.3896,2.6691,0.081
2026-03-02,3.905,5.2512,4.6034,2.498,5.083,2.7765,2.8617,3.0817,49.9156,6.7226,12.48,12.4071,0.2687,0.0232,104.1181,5.3685,0.5685,3.0817,0.0149,0.097,2.3369,0.1865,4.2785,106.3294,1.3978,2.6747,0.0801
2026-03-03,3.9255,5.2602,4.5889,2.4958,5.0317,2.7906,2.8721,3.0846,50.2159,6.7322,12.4847,12.4209,0.2682,0.0233,104.5963,5.3802,0.5704,3.0846,0.015,0.0973,2.3337,0.1875,4.2779,106.8876,1.4042,2.6821,0.0798
2026-03-04,3.9475,5.2654,4.5825,2.5079,5.056,2.7662,2.8855,3.0899,50.5167,6.7369,12.4704,12.4256,0.2676,0.0234,105.1825,5.382,0.5707,3.0899,0.0151,0.0981,2.3292,0.1885,4.2825,107.4735,1.413,2.677,0.0791
2026-03-05,3.9445,5.2626,4.5809,2.5125,5.0564,2.7821,2.8889,3.09,50.448,6.7323,12.4925,12.4362,0.2689,0.0234,105.0802,5.3884,0.5725,3.09,0.015,0.0978,2.3387,0.1884,4.3078,107.402,1.412,2.6927,0.0786
2026-03-06,3.9485,5.2797,4.5882,2.5071,5.0602,2.7795,2.891,3.0904,50.4691,6.7003,12.448,12.4574,0.2684,0.0233,105.2022,5.3896,0.5722,3.0904,0.015,0.0981,2.3338,0.1886,4.3099,107.5007,1.4052,2.6937,0.0788
2026-03-09,3.9695,5.2777,4.5717,2.4987,5.081,2.7753,2.9276,3.0931,50.8041,6.6557,12.3468,12.4198,0.2654,0.0234,105.7631,5.4069,0.5735,3.0931,0.0151,0.0985,2.3297,0.1896,4.3,108.0724,1.4206,2.6875,0.0761
2026-03-10,3.936,5.2807,4.5693,2.4929,5.0591,2.7784,2.8948,3.0844,50.3148,6.636,12.3774,12.3669,0.2663,0.0233,104.8398,5.3598,0.5715,3.0844,0.015,0.0977,2.3268,0.188,4.2729,107.175,1.4,2.6712,0.0746
2026-03-11,3.923,5.2774,4.5628,2.4798,5.0473,2.8144,2.8935,3.0861,50.1243,6.6677,12.4283,12.3602,0.2675,0.0233,104.5297,5.3627,0.5715,3.0862,0.0149,0.0974,2.3314,0.1874,4.2688,106.8195,1.3953,2.6678,0.0755
2026-03-12,3.9305,5.2557,4.535,2.4715,5.0259,2.8052,2.8923,3.0798,50.2291,6.5965,12.3175,12.336,0.2655,0.0233,104.7407,5.3651,0.5713,3.0798,0.015,0.0976,2.3216,0.1877,4.2585,107.0208,1.4063,2.6616,0.0758
2026-03-13,3.931,5.2465,4.5242,2.4667,4.9978,2.7794,2.8823,3.0737,50.2159,6.6043,12.2204,12.299,0.2639,0.0232,104.754,5.3592,0.5709,3.0737,0.015,0.0976,2.2979,0.1878,4.2585,107.0199,1.4075,2.6614,0.0751
2026-03-16,3.9335,5.2164,4.5041,2.4661,4.9838,2.7576,2.8687,3.0703,50.2433,6.5705,12.1273,12.2554,0.2631,0.0232,104.8235,5.3415,0.5701,3.0703,0.015,0.0976,2.2854,0.1879,4.2542,107.0923,1.4084,2.6588,0.0749
2026-03-17,3.9225,5.2179,4.5077,2.4616,4.9737,2.7714,2.8658,3.0672,50.0686,6.5629,12.096,12.2916,0.263,0.0231,104.5303,5.3293,0.5698,3.0672,0.0149,0.0973,2.2921,0.1873,4.244,106.803,1.4044,2.6525,0.0749
2026-03-18,3.911,5.2247,4.5117,2.4608,4.9799,2.7815,2.8551,3.0636,49.8957,6.5622,12.0943,12.2733,0.2631,0.023,104.1545,5.3197,0.5684,3.0636,0.0149,0.0972,2.2917,0.1868,4.2319,106.4899,1.4005,2.6445,0.0749
2026-03-19,3.9385,5.2309,4.5192,2.4672,4.9719,2.7751,2.8692,3.0707,50.244,6.5585,12.0186,12.3136,0.2626,0.0232,104.9092,5.3654,0.5709,3.0707,0.015,0.0978,2.292,0.1881,4.2285,107.2387,1.4098,2.6573,0.0754
2026-03-24,3.947,5.2884,4.5718,2.4865,5.006,2.7503,2.8695,3.0858,50.3759,6.5689,12.0907,12.3298,0.2631,0.0232,105.1342,5.3759,0.5726,3.0858,0.015,0.0979,2.3021,0.1885,4.2107,107.4555,1.4134,2.6317,0.0754
2026-03-25,3.9555,5.3,4.59,2.4908,5.0114,2.7594,2.8725,3.0931,50.5311,6.5956,12.0945,12.3853,0.2642,0.0234,105.3732,5.3946,0.5739,3.0931,0.015,0.0982,2.3035,0.1889,4.2118,107.7045,1.4174,2.6321,0.0752
2026-03-26,3.9945,5.3387,4.6212,2.5051,5.0452,2.7766,2.8903,3.1157,51.0874,6.6357,12.1914,12.5082,0.2653,0.0236,106.4746,5.4504,0.5787,3.1156,0.0152,0.0993,2.3194,0.1908,4.245,108.7635,1.4315,2.6564,0.076
2026-03-27,4.0075,5.3464,4.6243,2.5107,5.0377,2.7672,2.8924,3.1178,51.1771,6.6411,12.2096,12.5399,0.266,0.0236,106.8211,5.4494,0.5796,3.1178,0.0152,0.0995,2.3129,0.1914,4.2513,109.1174,1.4351,2.6572,0.076
2026-03-30,4.0215,5.3373,4.6312,2.5169,5.0351,2.7624,2.8947,3.1231,51.3428,6.6267,12.2625,12.5656,0.2658,0.0237,107.1743,5.4639,0.5821,3.1231,0.0153,0.0998,2.3073,0.1921,4.2823,109.4986,1.4404,2.6765,0.0752
2026-03-31,4.0375,5.3297,4.631,2.5278,5.0545,2.7653,2.8981,3.1267,51.5142,6.6508,12.2655,12.5451,0.2633,0.0238,107.5892,5.4821,0.5844,3.1267,0.0153,0.1005,2.308,0.1928,4.2838,109.9373,1.4461,2.6609,0.0742
2026-04-01,4.035,5.3397,4.6649,2.5397,5.0551,2.7858,2.9006,3.1376,51.4787,6.6776,12.3319,12.635,0.2672,0.0237,107.5255,5.473,0.586,3.1376,0.0153,0.1004,2.3131,0.1927,4.3069,109.8692,1.4456,2.6592,0.074
2026-04-02,4.0315,5.3363,4.6526,2.5297,5.0514,2.7753,2.8984,3.1319,51.4376,6.6512,12.3156,12.602,0.2646,0.0237,107.4179,5.4991,0.5855,3.1318,0.0153,0.1004,2.3036,0.1926,4.3212,109.7739,1.4339,2.6569,0.0753
2026-04-03,4.034,5.3368,4.6538,2.5278,5.0507,2.7863,2.8969,3.1376,51.4662,6.7005,12.3364,12.622,0.2673,0.0237,107.4659,5.4805,0.5862,3.1376,0.0153,0.1004,2.3032,0.1927,4.3492,109.839,1.4456,2.6586,0.0744
